INSERT INTO LANGUE (ID_LANGUE,LIBELLE) VALUES (1,'Dari');
INSERT INTO MONNAIE (ID_MONNAIE,CODE,LIBELLE) VALUES (1,'AFN','afghani');
INSERT INTO PAYS (ID_PAYS,MONNAIE,LANGUE,INDICATIF_TEL,LIBELLE) VALUES (1,1,1,'3',' Afghanistan');
INSERT INTO LANGUE (ID_LANGUE,LIBELLE) VALUES (2,'Anglais');
INSERT INTO MONNAIE (ID_MONNAIE,CODE,LIBELLE) VALUES (2,'ZAR','rand');
INSERT INTO PAYS (ID_PAYS,MONNAIE,LANGUE,INDICATIF_TEL,LIBELLE) VALUES (2,2,2,'27',' Afrique du Sud');
INSERT INTO LANGUE (ID_LANGUE,LIBELLE) VALUES (3,'Albanais');
INSERT INTO MONNAIE (ID_MONNAIE,CODE,LIBELLE) VALUES (3,'ALL','lek');
INSERT INTO PAYS (ID_PAYS,MONNAIE,LANGUE,INDICATIF_TEL,LIBELLE) VALUES (3,3,3,'355','Albanie');
INSERT INTO LANGUE (ID_LANGUE,LIBELLE) VALUES (4,'Arabe');
INSERT INTO MONNAIE (ID_MONNAIE,CODE,LIBELLE) VALUES (4,'DZD','dinar');
INSERT INTO PAYS (ID_PAYS,MONNAIE,LANGUE,INDICATIF_TEL,LIBELLE) VALUES (4,4,4,'213','Algérie');
INSERT INTO LANGUE (ID_LANGUE,LIBELLE) VALUES (5,'Allemand');
INSERT INTO MONNAIE (ID_MONNAIE,CODE,LIBELLE) VALUES (5,'EUR','euro');
INSERT INTO PAYS (ID_PAYS,MONNAIE,LANGUE,INDICATIF_TEL,LIBELLE) VALUES (5,5,5,'49','Allemagne');
INSERT INTO LANGUE (ID_LANGUE,LIBELLE) VALUES (6,'Catalan');
INSERT INTO PAYS (ID_PAYS,MONNAIE,LANGUE,INDICATIF_TEL,LIBELLE) VALUES (6,5,6,'376','Andorre');
INSERT INTO LANGUE (ID_LANGUE,LIBELLE) VALUES (7,'Portugais');
INSERT INTO MONNAIE (ID_MONNAIE,CODE,LIBELLE) VALUES (7,'AON','kwanza');
INSERT INTO PAYS (ID_PAYS,MONNAIE,LANGUE,INDICATIF_TEL,LIBELLE) VALUES (7,7,7,'244','Angola');
INSERT INTO MONNAIE (ID_MONNAIE,CODE,LIBELLE) VALUES (8,'XCD','dollar');
INSERT INTO PAYS (ID_PAYS,MONNAIE,LANGUE,INDICATIF_TEL,LIBELLE) VALUES (8,8,2,'1','Anguilla');
INSERT INTO PAYS (ID_PAYS,MONNAIE,LANGUE,INDICATIF_TEL,LIBELLE) VALUES (9,8,2,'1','Antigua-et-Barbuda');
INSERT INTO LANGUE (ID_LANGUE,LIBELLE) VALUES (10,'Néerlandais');
INSERT INTO MONNAIE (ID_MONNAIE,CODE,LIBELLE) VALUES (10,'ANG','florin');
INSERT INTO PAYS (ID_PAYS,MONNAIE,LANGUE,INDICATIF_TEL,LIBELLE) VALUES (10,10,10,'599','Antilles néerlandaises');
INSERT INTO MONNAIE (ID_MONNAIE,CODE,LIBELLE) VALUES (11,'SAR','ryal');
INSERT INTO PAYS (ID_PAYS,MONNAIE,LANGUE,INDICATIF_TEL,LIBELLE) VALUES (11,11,4,'966','Arabie saoudite');
INSERT INTO LANGUE (ID_LANGUE,LIBELLE) VALUES (12,'Espagnol');
INSERT INTO MONNAIE (ID_MONNAIE,CODE,LIBELLE) VALUES (12,'ARS','peso');
INSERT INTO PAYS (ID_PAYS,MONNAIE,LANGUE,INDICATIF_TEL,LIBELLE) VALUES (12,12,12,'54','Argentine');
INSERT INTO LANGUE (ID_LANGUE,LIBELLE) VALUES (13,'Arménien');
INSERT INTO MONNAIE (ID_MONNAIE,CODE,LIBELLE) VALUES (13,'AMD','dram');
INSERT INTO PAYS (ID_PAYS,MONNAIE,LANGUE,INDICATIF_TEL,LIBELLE) VALUES (13,13,13,'374','Arménie');
INSERT INTO MONNAIE (ID_MONNAIE,CODE,LIBELLE) VALUES (14,'AWG','florin');
INSERT INTO PAYS (ID_PAYS,MONNAIE,LANGUE,INDICATIF_TEL,LIBELLE) VALUES (14,14,10,'297','Aruba');
INSERT INTO MONNAIE (ID_MONNAIE,CODE,LIBELLE) VALUES (15,'SHP','livre');
INSERT INTO PAYS (ID_PAYS,MONNAIE,LANGUE,INDICATIF_TEL,LIBELLE) VALUES (15,15,2,'247','Ascension ( Sainte-Hélène)');
INSERT INTO MONNAIE (ID_MONNAIE,CODE,LIBELLE) VALUES (16,'AUD','dollar');
INSERT INTO PAYS (ID_PAYS,MONNAIE,LANGUE,INDICATIF_TEL,LIBELLE) VALUES (16,16,2,'61','Australie');
INSERT INTO MONNAIE (ID_MONNAIE,CODE,LIBELLE) VALUES (17,'ILS','shekel');
INSERT INTO PAYS (ID_PAYS,MONNAIE,LANGUE,INDICATIF_TEL,LIBELLE) VALUES (17,17,4,'970','Palestine');
INSERT INTO PAYS (ID_PAYS,MONNAIE,LANGUE,INDICATIF_TEL,LIBELLE) VALUES (18,5,5,'43','Autriche');
INSERT INTO LANGUE (ID_LANGUE,LIBELLE) VALUES (19,'Azéri');
INSERT INTO MONNAIE (ID_MONNAIE,CODE,LIBELLE) VALUES (19,'AZN','manat');
INSERT INTO PAYS (ID_PAYS,MONNAIE,LANGUE,INDICATIF_TEL,LIBELLE) VALUES (19,19,19,'994','Azerbaïdjan');
INSERT INTO MONNAIE (ID_MONNAIE,CODE,LIBELLE) VALUES (20,'BSD','dollar');
INSERT INTO PAYS (ID_PAYS,MONNAIE,LANGUE,INDICATIF_TEL,LIBELLE) VALUES (20,20,2,'1','Bahamas');
INSERT INTO MONNAIE (ID_MONNAIE,CODE,LIBELLE) VALUES (21,'BHD','dinar');
INSERT INTO PAYS (ID_PAYS,MONNAIE,LANGUE,INDICATIF_TEL,LIBELLE) VALUES (21,21,4,'973','Bahreïn');
INSERT INTO LANGUE (ID_LANGUE,LIBELLE) VALUES (22,'Bengali');
INSERT INTO MONNAIE (ID_MONNAIE,CODE,LIBELLE) VALUES (22,'BDT','taka');
INSERT INTO PAYS (ID_PAYS,MONNAIE,LANGUE,INDICATIF_TEL,LIBELLE) VALUES (22,22,22,'880','Bangladesh');
INSERT INTO MONNAIE (ID_MONNAIE,CODE,LIBELLE) VALUES (23,'BBD','dollar');
INSERT INTO PAYS (ID_PAYS,MONNAIE,LANGUE,INDICATIF_TEL,LIBELLE) VALUES (23,23,2,'1','Barbade');
INSERT INTO LANGUE (ID_LANGUE,LIBELLE) VALUES (24,'Russe');
INSERT INTO MONNAIE (ID_MONNAIE,CODE,LIBELLE) VALUES (24,'BYR','rouble');
INSERT INTO PAYS (ID_PAYS,MONNAIE,LANGUE,INDICATIF_TEL,LIBELLE) VALUES (24,24,24,'375','Biélorussie');
INSERT INTO PAYS (ID_PAYS,MONNAIE,LANGUE,INDICATIF_TEL,LIBELLE) VALUES (25,5,5,'32','Belgique');
INSERT INTO MONNAIE (ID_MONNAIE,CODE,LIBELLE) VALUES (26,'BZD','dollar');
INSERT INTO PAYS (ID_PAYS,MONNAIE,LANGUE,INDICATIF_TEL,LIBELLE) VALUES (26,26,2,'501','Belize');
INSERT INTO LANGUE (ID_LANGUE,LIBELLE) VALUES (27,'Français');
INSERT INTO MONNAIE (ID_MONNAIE,CODE,LIBELLE) VALUES (27,'XOF','franc CFA');
INSERT INTO PAYS (ID_PAYS,MONNAIE,LANGUE,INDICATIF_TEL,LIBELLE) VALUES (27,27,27,'229','Bénin');
INSERT INTO MONNAIE (ID_MONNAIE,CODE,LIBELLE) VALUES (28,'BMD','dollar');
INSERT INTO PAYS (ID_PAYS,MONNAIE,LANGUE,INDICATIF_TEL,LIBELLE) VALUES (28,28,2,'1','Bermudes');
INSERT INTO LANGUE (ID_LANGUE,LIBELLE) VALUES (29,'Dzongkha');
INSERT INTO MONNAIE (ID_MONNAIE,CODE,LIBELLE) VALUES (29,'BTN','ngultrum');
INSERT INTO PAYS (ID_PAYS,MONNAIE,LANGUE,INDICATIF_TEL,LIBELLE) VALUES (29,29,29,'975','Bhoutan');
INSERT INTO MONNAIE (ID_MONNAIE,CODE,LIBELLE) VALUES (30,'BOB','boliviano');
INSERT INTO PAYS (ID_PAYS,MONNAIE,LANGUE,INDICATIF_TEL,LIBELLE) VALUES (30,30,12,'591','Bolivie');
INSERT INTO LANGUE (ID_LANGUE,LIBELLE) VALUES (31,'Bosniaque');
INSERT INTO MONNAIE (ID_MONNAIE,CODE,LIBELLE) VALUES (31,'BAM','mark convertible');
INSERT INTO PAYS (ID_PAYS,MONNAIE,LANGUE,INDICATIF_TEL,LIBELLE) VALUES (31,31,31,'387','Bosnie-Herzégovine');
INSERT INTO MONNAIE (ID_MONNAIE,CODE,LIBELLE) VALUES (32,'BWP','pula');
INSERT INTO PAYS (ID_PAYS,MONNAIE,LANGUE,INDICATIF_TEL,LIBELLE) VALUES (32,32,2,'267','Botswana');
INSERT INTO MONNAIE (ID_MONNAIE,CODE,LIBELLE) VALUES (33,'BRL','réal');
INSERT INTO PAYS (ID_PAYS,MONNAIE,LANGUE,INDICATIF_TEL,LIBELLE) VALUES (33,33,7,'55','Brésil');
INSERT INTO MONNAIE (ID_MONNAIE,CODE,LIBELLE) VALUES (34,'BND','dollar');
INSERT INTO PAYS (ID_PAYS,MONNAIE,LANGUE,INDICATIF_TEL,LIBELLE) VALUES (34,34,2,'673','Brunei');
INSERT INTO LANGUE (ID_LANGUE,LIBELLE) VALUES (35,'Bulgare');
INSERT INTO MONNAIE (ID_MONNAIE,CODE,LIBELLE) VALUES (35,'BGN','lev');
INSERT INTO PAYS (ID_PAYS,MONNAIE,LANGUE,INDICATIF_TEL,LIBELLE) VALUES (35,35,35,'359','Bulgarie');
INSERT INTO PAYS (ID_PAYS,MONNAIE,LANGUE,INDICATIF_TEL,LIBELLE) VALUES (36,27,27,'226','Burkina Faso');
INSERT INTO MONNAIE (ID_MONNAIE,CODE,LIBELLE) VALUES (37,'BIF','franc');
INSERT INTO PAYS (ID_PAYS,MONNAIE,LANGUE,INDICATIF_TEL,LIBELLE) VALUES (37,37,27,'257','Burundi');
INSERT INTO LANGUE (ID_LANGUE,LIBELLE) VALUES (38,'Khmer');
INSERT INTO MONNAIE (ID_MONNAIE,CODE,LIBELLE) VALUES (38,'KHR','riel');
INSERT INTO PAYS (ID_PAYS,MONNAIE,LANGUE,INDICATIF_TEL,LIBELLE) VALUES (38,38,38,'855','Cambodge');
INSERT INTO MONNAIE (ID_MONNAIE,CODE,LIBELLE) VALUES (39,'XAF','franc CFA');
INSERT INTO PAYS (ID_PAYS,MONNAIE,LANGUE,INDICATIF_TEL,LIBELLE) VALUES (39,39,27,'237','Cameroun');
INSERT INTO MONNAIE (ID_MONNAIE,CODE,LIBELLE) VALUES (40,'CAD','dollar');
INSERT INTO PAYS (ID_PAYS,MONNAIE,LANGUE,INDICATIF_TEL,LIBELLE) VALUES (40,40,27,'1','Canada');
INSERT INTO MONNAIE (ID_MONNAIE,CODE,LIBELLE) VALUES (41,'CVE','escudo');
INSERT INTO PAYS (ID_PAYS,MONNAIE,LANGUE,INDICATIF_TEL,LIBELLE) VALUES (41,41,7,'238','Cap-Vert');
INSERT INTO MONNAIE (ID_MONNAIE,CODE,LIBELLE) VALUES (42,'KYD','dollar');
INSERT INTO PAYS (ID_PAYS,MONNAIE,LANGUE,INDICATIF_TEL,LIBELLE) VALUES (42,42,2,'1','Caïmans ( Îles )');
INSERT INTO PAYS (ID_PAYS,MONNAIE,LANGUE,INDICATIF_TEL,LIBELLE) VALUES (43,39,27,'236','Centrafrique');
INSERT INTO MONNAIE (ID_MONNAIE,CODE,LIBELLE) VALUES (44,'CLP','peso');
INSERT INTO PAYS (ID_PAYS,MONNAIE,LANGUE,INDICATIF_TEL,LIBELLE) VALUES (44,44,12,'56','Chili');
INSERT INTO LANGUE (ID_LANGUE,LIBELLE) VALUES (45,'Mandarin');
INSERT INTO MONNAIE (ID_MONNAIE,CODE,LIBELLE) VALUES (45,'CNY','yuan');
INSERT INTO PAYS (ID_PAYS,MONNAIE,LANGUE,INDICATIF_TEL,LIBELLE) VALUES (45,45,45,'86','Chine');
INSERT INTO PAYS (ID_PAYS,MONNAIE,LANGUE,INDICATIF_TEL,LIBELLE) VALUES (46,16,2,'672','Christmas ( Île )');
INSERT INTO LANGUE (ID_LANGUE,LIBELLE) VALUES (47,'Grec');
INSERT INTO PAYS (ID_PAYS,MONNAIE,LANGUE,INDICATIF_TEL,LIBELLE) VALUES (47,5,47,'357','Chypre');
INSERT INTO PAYS (ID_PAYS,MONNAIE,LANGUE,INDICATIF_TEL,LIBELLE) VALUES (48,16,2,'672','Cocos ( Îles )');
INSERT INTO MONNAIE (ID_MONNAIE,CODE,LIBELLE) VALUES (49,'COP','peso');
INSERT INTO PAYS (ID_PAYS,MONNAIE,LANGUE,INDICATIF_TEL,LIBELLE) VALUES (49,49,12,'57','Colombie');
INSERT INTO MONNAIE (ID_MONNAIE,CODE,LIBELLE) VALUES (50,'KMF','franc');
INSERT INTO PAYS (ID_PAYS,MONNAIE,LANGUE,INDICATIF_TEL,LIBELLE) VALUES (50,50,27,'269','Comores');
INSERT INTO MONNAIE (ID_MONNAIE,CODE,LIBELLE) VALUES (51,'CDF','franc');
INSERT INTO PAYS (ID_PAYS,MONNAIE,LANGUE,INDICATIF_TEL,LIBELLE) VALUES (51,51,27,'243','Congo ( République démocratique du )');
INSERT INTO PAYS (ID_PAYS,MONNAIE,LANGUE,INDICATIF_TEL,LIBELLE) VALUES (52,39,27,'242','Congo');
INSERT INTO MONNAIE (ID_MONNAIE,CODE,LIBELLE) VALUES (53,'NZD','dollar');
INSERT INTO PAYS (ID_PAYS,MONNAIE,LANGUE,INDICATIF_TEL,LIBELLE) VALUES (53,53,2,'682','Cook ( Îles )');
INSERT INTO LANGUE (ID_LANGUE,LIBELLE) VALUES (54,'Coréen');
INSERT INTO MONNAIE (ID_MONNAIE,CODE,LIBELLE) VALUES (54,'KPW','won');
INSERT INTO PAYS (ID_PAYS,MONNAIE,LANGUE,INDICATIF_TEL,LIBELLE) VALUES (54,54,54,'850','Corée du Nord');
INSERT INTO MONNAIE (ID_MONNAIE,CODE,LIBELLE) VALUES (55,'KRW','won');
INSERT INTO PAYS (ID_PAYS,MONNAIE,LANGUE,INDICATIF_TEL,LIBELLE) VALUES (55,55,54,'82','Corée du Sud');
INSERT INTO MONNAIE (ID_MONNAIE,CODE,LIBELLE) VALUES (56,'CRC','colon');
INSERT INTO PAYS (ID_PAYS,MONNAIE,LANGUE,INDICATIF_TEL,LIBELLE) VALUES (56,56,12,'506','Costa Rica');
INSERT INTO PAYS (ID_PAYS,MONNAIE,LANGUE,INDICATIF_TEL,LIBELLE) VALUES (57,27,27,'225','Côte d Ivoire');
INSERT INTO LANGUE (ID_LANGUE,LIBELLE) VALUES (58,'Croate');
INSERT INTO MONNAIE (ID_MONNAIE,CODE,LIBELLE) VALUES (58,'HRK','kuna');
INSERT INTO PAYS (ID_PAYS,MONNAIE,LANGUE,INDICATIF_TEL,LIBELLE) VALUES (58,58,58,'385','Croatie');
INSERT INTO MONNAIE (ID_MONNAIE,CODE,LIBELLE) VALUES (59,'CUP','peso');
INSERT INTO PAYS (ID_PAYS,MONNAIE,LANGUE,INDICATIF_TEL,LIBELLE) VALUES (59,59,12,'53','Cuba');
INSERT INTO LANGUE (ID_LANGUE,LIBELLE) VALUES (60,'Danois');
INSERT INTO MONNAIE (ID_MONNAIE,CODE,LIBELLE) VALUES (60,'DKK','couronne');
INSERT INTO PAYS (ID_PAYS,MONNAIE,LANGUE,INDICATIF_TEL,LIBELLE) VALUES (60,60,60,'45','Danemark');
INSERT INTO MONNAIE (ID_MONNAIE,CODE,LIBELLE) VALUES (61,'USD','dollar');
INSERT INTO PAYS (ID_PAYS,MONNAIE,LANGUE,INDICATIF_TEL,LIBELLE) VALUES (61,61,2,'246','Diego Garcia');
INSERT INTO MONNAIE (ID_MONNAIE,CODE,LIBELLE) VALUES (62,'DJF','franc');
INSERT INTO PAYS (ID_PAYS,MONNAIE,LANGUE,INDICATIF_TEL,LIBELLE) VALUES (62,62,27,'253','Djibouti');
INSERT INTO MONNAIE (ID_MONNAIE,CODE,LIBELLE) VALUES (63,'DOP','peso');
INSERT INTO PAYS (ID_PAYS,MONNAIE,LANGUE,INDICATIF_TEL,LIBELLE) VALUES (63,63,12,'1','République dominicaine');
INSERT INTO PAYS (ID_PAYS,MONNAIE,LANGUE,INDICATIF_TEL,LIBELLE) VALUES (64,8,2,'1','Dominique');
INSERT INTO MONNAIE (ID_MONNAIE,CODE,LIBELLE) VALUES (65,'EGP','livre');
INSERT INTO PAYS (ID_PAYS,MONNAIE,LANGUE,INDICATIF_TEL,LIBELLE) VALUES (65,65,4,'20','Égypte');
INSERT INTO MONNAIE (ID_MONNAIE,CODE,LIBELLE) VALUES (66,'AED','dirham');
INSERT INTO PAYS (ID_PAYS,MONNAIE,LANGUE,INDICATIF_TEL,LIBELLE) VALUES (66,66,4,'971','Émirats arabes unis');
INSERT INTO PAYS (ID_PAYS,MONNAIE,LANGUE,INDICATIF_TEL,LIBELLE) VALUES (67,61,12,'593','Équateur');
INSERT INTO MONNAIE (ID_MONNAIE,CODE,LIBELLE) VALUES (68,'ERN','nafka');
INSERT INTO PAYS (ID_PAYS,MONNAIE,LANGUE,INDICATIF_TEL,LIBELLE) VALUES (68,68,4,'291','Érythrée');
INSERT INTO PAYS (ID_PAYS,MONNAIE,LANGUE,INDICATIF_TEL,LIBELLE) VALUES (69,5,12,'34','Espagne');
INSERT INTO LANGUE (ID_LANGUE,LIBELLE) VALUES (70,'Estonien');
INSERT INTO MONNAIE (ID_MONNAIE,CODE,LIBELLE) VALUES (70,'EKK','couronne');
INSERT INTO PAYS (ID_PAYS,MONNAIE,LANGUE,INDICATIF_TEL,LIBELLE) VALUES (70,70,70,'372','Estonie');
INSERT INTO PAYS (ID_PAYS,MONNAIE,LANGUE,INDICATIF_TEL,LIBELLE) VALUES (71,61,2,'1','États-Unis');
INSERT INTO LANGUE (ID_LANGUE,LIBELLE) VALUES (72,'Amharique');
INSERT INTO MONNAIE (ID_MONNAIE,CODE,LIBELLE) VALUES (72,'ETB','birr');
INSERT INTO PAYS (ID_PAYS,MONNAIE,LANGUE,INDICATIF_TEL,LIBELLE) VALUES (72,72,72,'251','Éthiopie');
INSERT INTO PAYS (ID_PAYS,MONNAIE,LANGUE,INDICATIF_TEL,LIBELLE) VALUES (73,60,60,'298','Féroé ( Îles )');
INSERT INTO MONNAIE (ID_MONNAIE,CODE,LIBELLE) VALUES (74,'FJD','dollar');
INSERT INTO PAYS (ID_PAYS,MONNAIE,LANGUE,INDICATIF_TEL,LIBELLE) VALUES (74,74,2,'679','Fidji');
INSERT INTO LANGUE (ID_LANGUE,LIBELLE) VALUES (75,'Finnois');
INSERT INTO PAYS (ID_PAYS,MONNAIE,LANGUE,INDICATIF_TEL,LIBELLE) VALUES (75,5,75,'358','Finlande');
INSERT INTO PAYS (ID_PAYS,MONNAIE,LANGUE,INDICATIF_TEL,LIBELLE) VALUES (76,5,27,'33','France');
INSERT INTO PAYS (ID_PAYS,MONNAIE,LANGUE,INDICATIF_TEL,LIBELLE) VALUES (77,39,27,'241','Gabon');
INSERT INTO MONNAIE (ID_MONNAIE,CODE,LIBELLE) VALUES (78,'GMD','dalasi');
INSERT INTO PAYS (ID_PAYS,MONNAIE,LANGUE,INDICATIF_TEL,LIBELLE) VALUES (78,78,2,'220','Gambie');
INSERT INTO LANGUE (ID_LANGUE,LIBELLE) VALUES (79,'Géorgien');
INSERT INTO MONNAIE (ID_MONNAIE,CODE,LIBELLE) VALUES (79,'GEL','lari');
INSERT INTO PAYS (ID_PAYS,MONNAIE,LANGUE,INDICATIF_TEL,LIBELLE) VALUES (79,79,79,'995','Géorgie');
INSERT INTO MONNAIE (ID_MONNAIE,CODE,LIBELLE) VALUES (80,'GHS','cedi');
INSERT INTO PAYS (ID_PAYS,MONNAIE,LANGUE,INDICATIF_TEL,LIBELLE) VALUES (80,80,2,'233','Ghana');
INSERT INTO MONNAIE (ID_MONNAIE,CODE,LIBELLE) VALUES (81,'GIP','livre');
INSERT INTO PAYS (ID_PAYS,MONNAIE,LANGUE,INDICATIF_TEL,LIBELLE) VALUES (81,81,2,'350','Gibraltar');
INSERT INTO PAYS (ID_PAYS,MONNAIE,LANGUE,INDICATIF_TEL,LIBELLE) VALUES (82,5,47,'30','Grèce');
INSERT INTO PAYS (ID_PAYS,MONNAIE,LANGUE,INDICATIF_TEL,LIBELLE) VALUES (83,8,2,'1','Grenade');
INSERT INTO PAYS (ID_PAYS,MONNAIE,LANGUE,INDICATIF_TEL,LIBELLE) VALUES (84,60,60,'299','Groenland');
INSERT INTO PAYS (ID_PAYS,MONNAIE,LANGUE,INDICATIF_TEL,LIBELLE) VALUES (85,5,27,'590','Guadeloupe');
INSERT INTO PAYS (ID_PAYS,MONNAIE,LANGUE,INDICATIF_TEL,LIBELLE) VALUES (86,61,2,'1','Guam');
INSERT INTO MONNAIE (ID_MONNAIE,CODE,LIBELLE) VALUES (87,'GTQ','quetzal');
INSERT INTO PAYS (ID_PAYS,MONNAIE,LANGUE,INDICATIF_TEL,LIBELLE) VALUES (87,87,12,'502','Guatemala');
INSERT INTO MONNAIE (ID_MONNAIE,CODE,LIBELLE) VALUES (88,'GNF','franc');
INSERT INTO PAYS (ID_PAYS,MONNAIE,LANGUE,INDICATIF_TEL,LIBELLE) VALUES (88,88,27,'224','Guinée');
INSERT INTO PAYS (ID_PAYS,MONNAIE,LANGUE,INDICATIF_TEL,LIBELLE) VALUES (89,39,27,'240','Guinée équatoriale');
INSERT INTO PAYS (ID_PAYS,MONNAIE,LANGUE,INDICATIF_TEL,LIBELLE) VALUES (90,27,27,'245','Guinée-Bissau');
INSERT INTO MONNAIE (ID_MONNAIE,CODE,LIBELLE) VALUES (91,'GYD','dollar');
INSERT INTO PAYS (ID_PAYS,MONNAIE,LANGUE,INDICATIF_TEL,LIBELLE) VALUES (91,91,2,'592','Guyana');
INSERT INTO PAYS (ID_PAYS,MONNAIE,LANGUE,INDICATIF_TEL,LIBELLE) VALUES (92,5,27,'594','Guyane');
INSERT INTO MONNAIE (ID_MONNAIE,CODE,LIBELLE) VALUES (93,'HTG','gourde');
INSERT INTO PAYS (ID_PAYS,MONNAIE,LANGUE,INDICATIF_TEL,LIBELLE) VALUES (93,93,27,'509','Haïti');
INSERT INTO PAYS (ID_PAYS,MONNAIE,LANGUE,INDICATIF_TEL,LIBELLE) VALUES (94,16,2,'672','Heard ( Île )');
INSERT INTO MONNAIE (ID_MONNAIE,CODE,LIBELLE) VALUES (95,'HNL','lempira');
INSERT INTO PAYS (ID_PAYS,MONNAIE,LANGUE,INDICATIF_TEL,LIBELLE) VALUES (95,95,12,'504','Honduras');
INSERT INTO MONNAIE (ID_MONNAIE,CODE,LIBELLE) VALUES (96,'HKD','dollar');
INSERT INTO PAYS (ID_PAYS,MONNAIE,LANGUE,INDICATIF_TEL,LIBELLE) VALUES (96,96,45,'852','Hong Kong');
INSERT INTO LANGUE (ID_LANGUE,LIBELLE) VALUES (97,'Hongrois');
INSERT INTO MONNAIE (ID_MONNAIE,CODE,LIBELLE) VALUES (97,'HUF','forint');
INSERT INTO PAYS (ID_PAYS,MONNAIE,LANGUE,INDICATIF_TEL,LIBELLE) VALUES (97,97,97,'36','Hongrie');
INSERT INTO MONNAIE (ID_MONNAIE,CODE,LIBELLE) VALUES (98,'INR','roupie');
INSERT INTO PAYS (ID_PAYS,MONNAIE,LANGUE,INDICATIF_TEL,LIBELLE) VALUES (98,98,2,'91','Inde');
INSERT INTO LANGUE (ID_LANGUE,LIBELLE) VALUES (99,'Indonésien');
INSERT INTO MONNAIE (ID_MONNAIE,CODE,LIBELLE) VALUES (99,'IDR','rupiah');
INSERT INTO PAYS (ID_PAYS,MONNAIE,LANGUE,INDICATIF_TEL,LIBELLE) VALUES (99,99,99,'62','Indonésie');
INSERT INTO MONNAIE (ID_MONNAIE,CODE,LIBELLE) VALUES (100,'IQD','dinar');
INSERT INTO PAYS (ID_PAYS,MONNAIE,LANGUE,INDICATIF_TEL,LIBELLE) VALUES (100,100,4,'964','Irak');
INSERT INTO LANGUE (ID_LANGUE,LIBELLE) VALUES (101,'Persan');
INSERT INTO MONNAIE (ID_MONNAIE,CODE,LIBELLE) VALUES (101,'IRR','rial');
INSERT INTO PAYS (ID_PAYS,MONNAIE,LANGUE,INDICATIF_TEL,LIBELLE) VALUES (101,101,101,'98','Iran');
INSERT INTO LANGUE (ID_LANGUE,LIBELLE) VALUES (102,'Irlandais');
INSERT INTO PAYS (ID_PAYS,MONNAIE,LANGUE,INDICATIF_TEL,LIBELLE) VALUES (102,5,102,'353','Irlande');
INSERT INTO LANGUE (ID_LANGUE,LIBELLE) VALUES (103,'Islandais');
INSERT INTO MONNAIE (ID_MONNAIE,CODE,LIBELLE) VALUES (103,'ISK','krona');
INSERT INTO PAYS (ID_PAYS,MONNAIE,LANGUE,INDICATIF_TEL,LIBELLE) VALUES (103,103,103,'354','Islande');
INSERT INTO MONNAIE (ID_MONNAIE,CODE,LIBELLE) VALUES (104,'NIS','shekel');
INSERT INTO PAYS (ID_PAYS,MONNAIE,LANGUE,INDICATIF_TEL,LIBELLE) VALUES (104,104,4,'972','Israël');
INSERT INTO LANGUE (ID_LANGUE,LIBELLE) VALUES (105,'Italien');
INSERT INTO PAYS (ID_PAYS,MONNAIE,LANGUE,INDICATIF_TEL,LIBELLE) VALUES (105,5,105,'39','Italie');
INSERT INTO MONNAIE (ID_MONNAIE,CODE,LIBELLE) VALUES (106,'JMD','dollar');
INSERT INTO PAYS (ID_PAYS,MONNAIE,LANGUE,INDICATIF_TEL,LIBELLE) VALUES (106,106,2,'1','Jamaïque');
INSERT INTO LANGUE (ID_LANGUE,LIBELLE) VALUES (107,'Japonais');
INSERT INTO MONNAIE (ID_MONNAIE,CODE,LIBELLE) VALUES (107,'JPY','yen');
INSERT INTO PAYS (ID_PAYS,MONNAIE,LANGUE,INDICATIF_TEL,LIBELLE) VALUES (107,107,107,'81','Japon');
INSERT INTO MONNAIE (ID_MONNAIE,CODE,LIBELLE) VALUES (108,'JOD','dinar');
INSERT INTO PAYS (ID_PAYS,MONNAIE,LANGUE,INDICATIF_TEL,LIBELLE) VALUES (108,108,4,'962','Jordanie');
INSERT INTO MONNAIE (ID_MONNAIE,CODE,LIBELLE) VALUES (109,'KZT','tengue');
INSERT INTO PAYS (ID_PAYS,MONNAIE,LANGUE,INDICATIF_TEL,LIBELLE) VALUES (109,109,24,'7','Kazakhstan');
INSERT INTO MONNAIE (ID_MONNAIE,CODE,LIBELLE) VALUES (110,'KES','shiling');
INSERT INTO PAYS (ID_PAYS,MONNAIE,LANGUE,INDICATIF_TEL,LIBELLE) VALUES (110,110,2,'254','Kenya');
INSERT INTO MONNAIE (ID_MONNAIE,CODE,LIBELLE) VALUES (111,'KGS','som');
INSERT INTO PAYS (ID_PAYS,MONNAIE,LANGUE,INDICATIF_TEL,LIBELLE) VALUES (111,111,24,'996','Kirghizstan');
INSERT INTO PAYS (ID_PAYS,MONNAIE,LANGUE,INDICATIF_TEL,LIBELLE) VALUES (112,16,2,'686','Kiribati');
INSERT INTO MONNAIE (ID_MONNAIE,CODE,LIBELLE) VALUES (113,'KWD','dinar');
INSERT INTO PAYS (ID_PAYS,MONNAIE,LANGUE,INDICATIF_TEL,LIBELLE) VALUES (113,113,4,'965','Koweït');
INSERT INTO LANGUE (ID_LANGUE,LIBELLE) VALUES (114,'Lao');
INSERT INTO MONNAIE (ID_MONNAIE,CODE,LIBELLE) VALUES (114,'LAK','kip');
INSERT INTO PAYS (ID_PAYS,MONNAIE,LANGUE,INDICATIF_TEL,LIBELLE) VALUES (114,114,114,'856','Laos');
INSERT INTO MONNAIE (ID_MONNAIE,CODE,LIBELLE) VALUES (115,'LSL','loti');
INSERT INTO PAYS (ID_PAYS,MONNAIE,LANGUE,INDICATIF_TEL,LIBELLE) VALUES (115,115,2,'266','Lesotho');
INSERT INTO LANGUE (ID_LANGUE,LIBELLE) VALUES (116,'Letton');
INSERT INTO MONNAIE (ID_MONNAIE,CODE,LIBELLE) VALUES (116,'LVL','lats');
INSERT INTO PAYS (ID_PAYS,MONNAIE,LANGUE,INDICATIF_TEL,LIBELLE) VALUES (116,116,116,'371','Lettonie');
INSERT INTO MONNAIE (ID_MONNAIE,CODE,LIBELLE) VALUES (117,'LBP','livre');
INSERT INTO PAYS (ID_PAYS,MONNAIE,LANGUE,INDICATIF_TEL,LIBELLE) VALUES (117,117,4,'961','Liban');
INSERT INTO MONNAIE (ID_MONNAIE,CODE,LIBELLE) VALUES (118,'LRD','dollar');
INSERT INTO PAYS (ID_PAYS,MONNAIE,LANGUE,INDICATIF_TEL,LIBELLE) VALUES (118,118,2,'231','Libéria');
INSERT INTO MONNAIE (ID_MONNAIE,CODE,LIBELLE) VALUES (119,'LYD','dinar');
INSERT INTO PAYS (ID_PAYS,MONNAIE,LANGUE,INDICATIF_TEL,LIBELLE) VALUES (119,119,4,'218','Libye');
INSERT INTO MONNAIE (ID_MONNAIE,CODE,LIBELLE) VALUES (120,'CHF','franc');
INSERT INTO PAYS (ID_PAYS,MONNAIE,LANGUE,INDICATIF_TEL,LIBELLE) VALUES (120,120,5,'423','Liechtenstein');
INSERT INTO LANGUE (ID_LANGUE,LIBELLE) VALUES (121,'Lituanien');
INSERT INTO MONNAIE (ID_MONNAIE,CODE,LIBELLE) VALUES (121,'LTL','litas');
INSERT INTO PAYS (ID_PAYS,MONNAIE,LANGUE,INDICATIF_TEL,LIBELLE) VALUES (121,121,121,'370','Lituanie');
INSERT INTO PAYS (ID_PAYS,MONNAIE,LANGUE,INDICATIF_TEL,LIBELLE) VALUES (122,5,27,'352','Luxembourg');
INSERT INTO LANGUE (ID_LANGUE,LIBELLE) VALUES (123,'Chinois');
INSERT INTO MONNAIE (ID_MONNAIE,CODE,LIBELLE) VALUES (123,'MOP','pataca');
INSERT INTO PAYS (ID_PAYS,MONNAIE,LANGUE,INDICATIF_TEL,LIBELLE) VALUES (123,123,123,'853','Macao');
INSERT INTO LANGUE (ID_LANGUE,LIBELLE) VALUES (124,'Macédonien');
INSERT INTO MONNAIE (ID_MONNAIE,CODE,LIBELLE) VALUES (124,'MKD','denar');
INSERT INTO PAYS (ID_PAYS,MONNAIE,LANGUE,INDICATIF_TEL,LIBELLE) VALUES (124,124,124,'389','Macédoine');
INSERT INTO MONNAIE (ID_MONNAIE,CODE,LIBELLE) VALUES (125,'MGA','ariary');
INSERT INTO PAYS (ID_PAYS,MONNAIE,LANGUE,INDICATIF_TEL,LIBELLE) VALUES (125,125,27,'261','Madagascar');
INSERT INTO LANGUE (ID_LANGUE,LIBELLE) VALUES (126,'Malais');
INSERT INTO MONNAIE (ID_MONNAIE,CODE,LIBELLE) VALUES (126,'MYR','ringgit');
INSERT INTO PAYS (ID_PAYS,MONNAIE,LANGUE,INDICATIF_TEL,LIBELLE) VALUES (126,126,126,'60','Malaisie');
INSERT INTO MONNAIE (ID_MONNAIE,CODE,LIBELLE) VALUES (127,'MKW','kwacha');
INSERT INTO PAYS (ID_PAYS,MONNAIE,LANGUE,INDICATIF_TEL,LIBELLE) VALUES (127,127,2,'265','Malawi');
INSERT INTO LANGUE (ID_LANGUE,LIBELLE) VALUES (128,'Divehi');
INSERT INTO MONNAIE (ID_MONNAIE,CODE,LIBELLE) VALUES (128,'MVR','rufiyaa');
INSERT INTO PAYS (ID_PAYS,MONNAIE,LANGUE,INDICATIF_TEL,LIBELLE) VALUES (128,128,128,'960','Maldives');
INSERT INTO PAYS (ID_PAYS,MONNAIE,LANGUE,INDICATIF_TEL,LIBELLE) VALUES (129,27,27,'223','Mali');
INSERT INTO MONNAIE (ID_MONNAIE,CODE,LIBELLE) VALUES (130,'FKP','livre');
INSERT INTO PAYS (ID_PAYS,MONNAIE,LANGUE,INDICATIF_TEL,LIBELLE) VALUES (130,130,2,'500','Malouines (Îles)');
INSERT INTO PAYS (ID_PAYS,MONNAIE,LANGUE,INDICATIF_TEL,LIBELLE) VALUES (131,5,2,'356','Malte');
INSERT INTO PAYS (ID_PAYS,MONNAIE,LANGUE,INDICATIF_TEL,LIBELLE) VALUES (132,61,2,'1','Mariannes du Nord (Îles)');
INSERT INTO MONNAIE (ID_MONNAIE,CODE,LIBELLE) VALUES (133,'MAD','dirham');
INSERT INTO PAYS (ID_PAYS,MONNAIE,LANGUE,INDICATIF_TEL,LIBELLE) VALUES (133,133,4,'212','Maroc');
INSERT INTO PAYS (ID_PAYS,MONNAIE,LANGUE,INDICATIF_TEL,LIBELLE) VALUES (134,61,2,'692','Marshall (Îles)');
INSERT INTO PAYS (ID_PAYS,MONNAIE,LANGUE,INDICATIF_TEL,LIBELLE) VALUES (135,5,27,'596','Martinique');
INSERT INTO MONNAIE (ID_MONNAIE,CODE,LIBELLE) VALUES (136,'MUR','roupie');
INSERT INTO PAYS (ID_PAYS,MONNAIE,LANGUE,INDICATIF_TEL,LIBELLE) VALUES (136,136,2,'230','Maurice');
INSERT INTO MONNAIE (ID_MONNAIE,CODE,LIBELLE) VALUES (137,'MRO','ouguiya');
INSERT INTO PAYS (ID_PAYS,MONNAIE,LANGUE,INDICATIF_TEL,LIBELLE) VALUES (137,137,4,'222','Mauritanie');
INSERT INTO PAYS (ID_PAYS,MONNAIE,LANGUE,INDICATIF_TEL,LIBELLE) VALUES (138,5,27,'262','Mayotte');
INSERT INTO PAYS (ID_PAYS,MONNAIE,LANGUE,INDICATIF_TEL,LIBELLE) VALUES (139,16,2,'672','McDonald (Îles)');
INSERT INTO MONNAIE (ID_MONNAIE,CODE,LIBELLE) VALUES (140,'MXN','peso');
INSERT INTO PAYS (ID_PAYS,MONNAIE,LANGUE,INDICATIF_TEL,LIBELLE) VALUES (140,140,12,'52','Mexique');
INSERT INTO PAYS (ID_PAYS,MONNAIE,LANGUE,INDICATIF_TEL,LIBELLE) VALUES (141,61,2,'691','Micronésie');
INSERT INTO LANGUE (ID_LANGUE,LIBELLE) VALUES (142,'Moldave');
INSERT INTO MONNAIE (ID_MONNAIE,CODE,LIBELLE) VALUES (142,'MDL','leu');
INSERT INTO PAYS (ID_PAYS,MONNAIE,LANGUE,INDICATIF_TEL,LIBELLE) VALUES (142,142,142,'373','Moldavie');
INSERT INTO PAYS (ID_PAYS,MONNAIE,LANGUE,INDICATIF_TEL,LIBELLE) VALUES (143,5,27,'377','Monaco');
INSERT INTO LANGUE (ID_LANGUE,LIBELLE) VALUES (144,'Mongol');
INSERT INTO MONNAIE (ID_MONNAIE,CODE,LIBELLE) VALUES (144,'MNT','tugrik');
INSERT INTO PAYS (ID_PAYS,MONNAIE,LANGUE,INDICATIF_TEL,LIBELLE) VALUES (144,144,144,'976','Mongolie');
INSERT INTO LANGUE (ID_LANGUE,LIBELLE) VALUES (145,'Monténégrin');
INSERT INTO PAYS (ID_PAYS,MONNAIE,LANGUE,INDICATIF_TEL,LIBELLE) VALUES (145,5,145,'382','Monténégro');
INSERT INTO PAYS (ID_PAYS,MONNAIE,LANGUE,INDICATIF_TEL,LIBELLE) VALUES (146,8,2,'1','Montserrat');
INSERT INTO MONNAIE (ID_MONNAIE,CODE,LIBELLE) VALUES (147,'MZM','metical');
INSERT INTO PAYS (ID_PAYS,MONNAIE,LANGUE,INDICATIF_TEL,LIBELLE) VALUES (147,147,7,'258','Mozambique');
INSERT INTO LANGUE (ID_LANGUE,LIBELLE) VALUES (148,'Birman');
INSERT INTO MONNAIE (ID_MONNAIE,CODE,LIBELLE) VALUES (148,'MKK','kyat');
INSERT INTO PAYS (ID_PAYS,MONNAIE,LANGUE,INDICATIF_TEL,LIBELLE) VALUES (148,148,148,'95','Birmanie (Union du Myanmar)');
INSERT INTO MONNAIE (ID_MONNAIE,CODE,LIBELLE) VALUES (149,'NAD','dollar');
INSERT INTO PAYS (ID_PAYS,MONNAIE,LANGUE,INDICATIF_TEL,LIBELLE) VALUES (149,149,2,'264','Namibie');
INSERT INTO PAYS (ID_PAYS,MONNAIE,LANGUE,INDICATIF_TEL,LIBELLE) VALUES (150,16,2,'674','Nauru');
INSERT INTO LANGUE (ID_LANGUE,LIBELLE) VALUES (151,'Népalais');
INSERT INTO MONNAIE (ID_MONNAIE,CODE,LIBELLE) VALUES (151,'NPR','roupie');
INSERT INTO PAYS (ID_PAYS,MONNAIE,LANGUE,INDICATIF_TEL,LIBELLE) VALUES (151,151,151,'977','Népal');
INSERT INTO MONNAIE (ID_MONNAIE,CODE,LIBELLE) VALUES (152,'NIO','cordoba');
INSERT INTO PAYS (ID_PAYS,MONNAIE,LANGUE,INDICATIF_TEL,LIBELLE) VALUES (152,152,12,'505','Nicaragua');
INSERT INTO PAYS (ID_PAYS,MONNAIE,LANGUE,INDICATIF_TEL,LIBELLE) VALUES (153,27,27,'227','Niger');
INSERT INTO MONNAIE (ID_MONNAIE,CODE,LIBELLE) VALUES (154,'NGN','naira');
INSERT INTO PAYS (ID_PAYS,MONNAIE,LANGUE,INDICATIF_TEL,LIBELLE) VALUES (154,154,2,'234','Nigeria');
INSERT INTO PAYS (ID_PAYS,MONNAIE,LANGUE,INDICATIF_TEL,LIBELLE) VALUES (155,53,2,'683','Niué');
INSERT INTO LANGUE (ID_LANGUE,LIBELLE) VALUES (156,'Norvégien');
INSERT INTO MONNAIE (ID_MONNAIE,CODE,LIBELLE) VALUES (156,'NOK','couronne');
INSERT INTO PAYS (ID_PAYS,MONNAIE,LANGUE,INDICATIF_TEL,LIBELLE) VALUES (156,156,156,'47','Norvège');
INSERT INTO MONNAIE (ID_MONNAIE,CODE,LIBELLE) VALUES (157,'XPF','franc CFP');
INSERT INTO PAYS (ID_PAYS,MONNAIE,LANGUE,INDICATIF_TEL,LIBELLE) VALUES (157,157,27,'687','Nouvelle-Calédonie');
INSERT INTO PAYS (ID_PAYS,MONNAIE,LANGUE,INDICATIF_TEL,LIBELLE) VALUES (158,53,2,'64','Nouvelle-Zélande');
INSERT INTO MONNAIE (ID_MONNAIE,CODE,LIBELLE) VALUES (159,'OMR','rial');
INSERT INTO PAYS (ID_PAYS,MONNAIE,LANGUE,INDICATIF_TEL,LIBELLE) VALUES (159,159,4,'968','Oman');
INSERT INTO MONNAIE (ID_MONNAIE,CODE,LIBELLE) VALUES (160,'UGX','shiling');
INSERT INTO PAYS (ID_PAYS,MONNAIE,LANGUE,INDICATIF_TEL,LIBELLE) VALUES (160,160,2,'256','Ouganda');
INSERT INTO LANGUE (ID_LANGUE,LIBELLE) VALUES (161,'Ouzbek');
INSERT INTO MONNAIE (ID_MONNAIE,CODE,LIBELLE) VALUES (161,'UKS','sum');
INSERT INTO PAYS (ID_PAYS,MONNAIE,LANGUE,INDICATIF_TEL,LIBELLE) VALUES (161,161,161,'998','Ouzbékistan');
INSERT INTO MONNAIE (ID_MONNAIE,CODE,LIBELLE) VALUES (162,'PKR','roupie');
INSERT INTO PAYS (ID_PAYS,MONNAIE,LANGUE,INDICATIF_TEL,LIBELLE) VALUES (162,162,2,'92','Pakistan');
INSERT INTO PAYS (ID_PAYS,MONNAIE,LANGUE,INDICATIF_TEL,LIBELLE) VALUES (163,61,2,'680','Palaos');
INSERT INTO PAYS (ID_PAYS,MONNAIE,LANGUE,INDICATIF_TEL,LIBELLE) VALUES (164,61,12,'507','Panamá');
INSERT INTO MONNAIE (ID_MONNAIE,CODE,LIBELLE) VALUES (165,'PGK','kina');
INSERT INTO PAYS (ID_PAYS,MONNAIE,LANGUE,INDICATIF_TEL,LIBELLE) VALUES (165,165,2,'675','Papouasie-Nouvelle-Guinée');
INSERT INTO MONNAIE (ID_MONNAIE,CODE,LIBELLE) VALUES (166,'PYG','guarani');
INSERT INTO PAYS (ID_PAYS,MONNAIE,LANGUE,INDICATIF_TEL,LIBELLE) VALUES (166,166,12,'595','Paraguay');
INSERT INTO PAYS (ID_PAYS,MONNAIE,LANGUE,INDICATIF_TEL,LIBELLE) VALUES (167,5,10,'31','Pays-Bas');
INSERT INTO MONNAIE (ID_MONNAIE,CODE,LIBELLE) VALUES (168,'PEN','nuevo sol');
INSERT INTO PAYS (ID_PAYS,MONNAIE,LANGUE,INDICATIF_TEL,LIBELLE) VALUES (168,168,12,'51','Pérou');
INSERT INTO MONNAIE (ID_MONNAIE,CODE,LIBELLE) VALUES (169,'PHP','peso');
INSERT INTO PAYS (ID_PAYS,MONNAIE,LANGUE,INDICATIF_TEL,LIBELLE) VALUES (169,169,2,'63','Philippines');
INSERT INTO LANGUE (ID_LANGUE,LIBELLE) VALUES (170,'Polonais');
INSERT INTO MONNAIE (ID_MONNAIE,CODE,LIBELLE) VALUES (170,'PLN','zloty');
INSERT INTO PAYS (ID_PAYS,MONNAIE,LANGUE,INDICATIF_TEL,LIBELLE) VALUES (170,170,170,'48','Pologne');
INSERT INTO PAYS (ID_PAYS,MONNAIE,LANGUE,INDICATIF_TEL,LIBELLE) VALUES (171,157,27,'689','Polynésie française');
INSERT INTO PAYS (ID_PAYS,MONNAIE,LANGUE,INDICATIF_TEL,LIBELLE) VALUES (172,61,12,'1','Porto Rico');
INSERT INTO PAYS (ID_PAYS,MONNAIE,LANGUE,INDICATIF_TEL,LIBELLE) VALUES (173,5,7,'351','Portugal');
INSERT INTO MONNAIE (ID_MONNAIE,CODE,LIBELLE) VALUES (174,'QAR','rial');
INSERT INTO PAYS (ID_PAYS,MONNAIE,LANGUE,INDICATIF_TEL,LIBELLE) VALUES (174,174,4,'974','Qatar');
INSERT INTO PAYS (ID_PAYS,MONNAIE,LANGUE,INDICATIF_TEL,LIBELLE) VALUES (175,5,27,'262','Réunion (La)');
INSERT INTO LANGUE (ID_LANGUE,LIBELLE) VALUES (176,'Roumain');
INSERT INTO MONNAIE (ID_MONNAIE,CODE,LIBELLE) VALUES (176,'Ron','leu');
INSERT INTO PAYS (ID_PAYS,MONNAIE,LANGUE,INDICATIF_TEL,LIBELLE) VALUES (176,176,176,'40','Roumanie');
INSERT INTO MONNAIE (ID_MONNAIE,CODE,LIBELLE) VALUES (177,'GBP','pound');
INSERT INTO PAYS (ID_PAYS,MONNAIE,LANGUE,INDICATIF_TEL,LIBELLE) VALUES (177,177,2,'44','Royaume-Uni');
INSERT INTO MONNAIE (ID_MONNAIE,CODE,LIBELLE) VALUES (178,'RUB','rouble');
INSERT INTO PAYS (ID_PAYS,MONNAIE,LANGUE,INDICATIF_TEL,LIBELLE) VALUES (178,178,24,'7','Russie');
INSERT INTO MONNAIE (ID_MONNAIE,CODE,LIBELLE) VALUES (179,'RWF','franc');
INSERT INTO PAYS (ID_PAYS,MONNAIE,LANGUE,INDICATIF_TEL,LIBELLE) VALUES (179,179,27,'250','Rwanda');
INSERT INTO PAYS (ID_PAYS,MONNAIE,LANGUE,INDICATIF_TEL,LIBELLE) VALUES (180,8,2,'1','Saint-Christophe-et-Niévès');
INSERT INTO PAYS (ID_PAYS,MONNAIE,LANGUE,INDICATIF_TEL,LIBELLE) VALUES (181,15,2,'290','Sainte-Hélène (Île)');
INSERT INTO PAYS (ID_PAYS,MONNAIE,LANGUE,INDICATIF_TEL,LIBELLE) VALUES (182,8,2,'1','Sainte-Lucie');
INSERT INTO PAYS (ID_PAYS,MONNAIE,LANGUE,INDICATIF_TEL,LIBELLE) VALUES (183,5,105,'378','Saint-Marin');
INSERT INTO PAYS (ID_PAYS,MONNAIE,LANGUE,INDICATIF_TEL,LIBELLE) VALUES (184,5,27,'508','Saint-Pierre-et-Miquelon');
INSERT INTO PAYS (ID_PAYS,MONNAIE,LANGUE,INDICATIF_TEL,LIBELLE) VALUES (185,8,2,'1','Saint-Vincent-et-les-Grenadines');
INSERT INTO MONNAIE (ID_MONNAIE,CODE,LIBELLE) VALUES (186,'SBD','dollar');
INSERT INTO PAYS (ID_PAYS,MONNAIE,LANGUE,INDICATIF_TEL,LIBELLE) VALUES (186,186,2,'677','Salomon (Îles)');
INSERT INTO PAYS (ID_PAYS,MONNAIE,LANGUE,INDICATIF_TEL,LIBELLE) VALUES (187,61,12,'503','Salvador');
INSERT INTO MONNAIE (ID_MONNAIE,CODE,LIBELLE) VALUES (188,'WST','tala');
INSERT INTO PAYS (ID_PAYS,MONNAIE,LANGUE,INDICATIF_TEL,LIBELLE) VALUES (188,188,2,'685','Samoa');
INSERT INTO PAYS (ID_PAYS,MONNAIE,LANGUE,INDICATIF_TEL,LIBELLE) VALUES (189,61,2,'1','Samoa américaines');
INSERT INTO MONNAIE (ID_MONNAIE,CODE,LIBELLE) VALUES (190,'STD','dobra');
INSERT INTO PAYS (ID_PAYS,MONNAIE,LANGUE,INDICATIF_TEL,LIBELLE) VALUES (190,190,7,'239','Sao Tomé-et-Principe');
INSERT INTO PAYS (ID_PAYS,MONNAIE,LANGUE,INDICATIF_TEL,LIBELLE) VALUES (191,39,27,'221','Sénégal');
INSERT INTO LANGUE (ID_LANGUE,LIBELLE) VALUES (192,'Serbe');
INSERT INTO MONNAIE (ID_MONNAIE,CODE,LIBELLE) VALUES (192,'RSD','dinar');
INSERT INTO PAYS (ID_PAYS,MONNAIE,LANGUE,INDICATIF_TEL,LIBELLE) VALUES (192,192,192,'381','Serbie');
INSERT INTO MONNAIE (ID_MONNAIE,CODE,LIBELLE) VALUES (193,'SCR','roupie');
INSERT INTO PAYS (ID_PAYS,MONNAIE,LANGUE,INDICATIF_TEL,LIBELLE) VALUES (193,193,27,'248','Seychelles');
INSERT INTO MONNAIE (ID_MONNAIE,CODE,LIBELLE) VALUES (194,'SLL','leone');
INSERT INTO PAYS (ID_PAYS,MONNAIE,LANGUE,INDICATIF_TEL,LIBELLE) VALUES (194,194,2,'232','Sierra Leone ');
INSERT INTO MONNAIE (ID_MONNAIE,CODE,LIBELLE) VALUES (195,'SGD','dollar');
INSERT INTO PAYS (ID_PAYS,MONNAIE,LANGUE,INDICATIF_TEL,LIBELLE) VALUES (195,195,2,'65','Singapour');
INSERT INTO LANGUE (ID_LANGUE,LIBELLE) VALUES (196,'Slovak');
INSERT INTO PAYS (ID_PAYS,MONNAIE,LANGUE,INDICATIF_TEL,LIBELLE) VALUES (196,5,196,'421','Slovaquie');
INSERT INTO LANGUE (ID_LANGUE,LIBELLE) VALUES (197,'Slovène');
INSERT INTO PAYS (ID_PAYS,MONNAIE,LANGUE,INDICATIF_TEL,LIBELLE) VALUES (197,5,197,'386','Slovénie');
INSERT INTO MONNAIE (ID_MONNAIE,CODE,LIBELLE) VALUES (198,'SOS','shiling');
INSERT INTO PAYS (ID_PAYS,MONNAIE,LANGUE,INDICATIF_TEL,LIBELLE) VALUES (198,198,4,'252','Somalie');
INSERT INTO MONNAIE (ID_MONNAIE,CODE,LIBELLE) VALUES (199,'SDD','dinar');
INSERT INTO PAYS (ID_PAYS,MONNAIE,LANGUE,INDICATIF_TEL,LIBELLE) VALUES (199,199,2,'249','Soudan');
INSERT INTO LANGUE (ID_LANGUE,LIBELLE) VALUES (200,'Cingalais');
INSERT INTO MONNAIE (ID_MONNAIE,CODE,LIBELLE) VALUES (200,'LKR','roupie');
INSERT INTO PAYS (ID_PAYS,MONNAIE,LANGUE,INDICATIF_TEL,LIBELLE) VALUES (200,200,200,'94','Sri Lanka');
INSERT INTO LANGUE (ID_LANGUE,LIBELLE) VALUES (201,'Suèdois');
INSERT INTO MONNAIE (ID_MONNAIE,CODE,LIBELLE) VALUES (201,'SEK','couronne');
INSERT INTO PAYS (ID_PAYS,MONNAIE,LANGUE,INDICATIF_TEL,LIBELLE) VALUES (201,201,201,'46','Suède');
INSERT INTO PAYS (ID_PAYS,MONNAIE,LANGUE,INDICATIF_TEL,LIBELLE) VALUES (202,120,27,'41','Suisse');
INSERT INTO MONNAIE (ID_MONNAIE,CODE,LIBELLE) VALUES (203,'SRD','dollar');
INSERT INTO PAYS (ID_PAYS,MONNAIE,LANGUE,INDICATIF_TEL,LIBELLE) VALUES (203,203,10,'597','Suriname');
INSERT INTO MONNAIE (ID_MONNAIE,CODE,LIBELLE) VALUES (204,'SZL','lilangeni');
INSERT INTO PAYS (ID_PAYS,MONNAIE,LANGUE,INDICATIF_TEL,LIBELLE) VALUES (204,204,2,'268','Swaziland');
INSERT INTO MONNAIE (ID_MONNAIE,CODE,LIBELLE) VALUES (205,'SYP','livre');
INSERT INTO PAYS (ID_PAYS,MONNAIE,LANGUE,INDICATIF_TEL,LIBELLE) VALUES (205,205,4,'963','Syrie');
INSERT INTO LANGUE (ID_LANGUE,LIBELLE) VALUES (206,'Tadjik');
INSERT INTO MONNAIE (ID_MONNAIE,CODE,LIBELLE) VALUES (206,'TJS','somoni');
INSERT INTO PAYS (ID_PAYS,MONNAIE,LANGUE,INDICATIF_TEL,LIBELLE) VALUES (206,206,206,'992','Tadjikistan');
INSERT INTO MONNAIE (ID_MONNAIE,CODE,LIBELLE) VALUES (207,'TZS','shiling');
INSERT INTO PAYS (ID_PAYS,MONNAIE,LANGUE,INDICATIF_TEL,LIBELLE) VALUES (207,207,2,'255','Tanzanie');
INSERT INTO MONNAIE (ID_MONNAIE,CODE,LIBELLE) VALUES (208,'TWD','dollar');
INSERT INTO PAYS (ID_PAYS,MONNAIE,LANGUE,INDICATIF_TEL,LIBELLE) VALUES (208,208,123,'886','Taïwan');
INSERT INTO PAYS (ID_PAYS,MONNAIE,LANGUE,INDICATIF_TEL,LIBELLE) VALUES (209,39,27,'235','Tchad');
INSERT INTO LANGUE (ID_LANGUE,LIBELLE) VALUES (210,'Tchèque');
INSERT INTO MONNAIE (ID_MONNAIE,CODE,LIBELLE) VALUES (210,'CZK','couronne');
INSERT INTO PAYS (ID_PAYS,MONNAIE,LANGUE,INDICATIF_TEL,LIBELLE) VALUES (210,210,210,'420','République tchèque');
INSERT INTO LANGUE (ID_LANGUE,LIBELLE) VALUES (211,'Thaï');
INSERT INTO MONNAIE (ID_MONNAIE,CODE,LIBELLE) VALUES (211,'THB','baht');
INSERT INTO PAYS (ID_PAYS,MONNAIE,LANGUE,INDICATIF_TEL,LIBELLE) VALUES (211,211,211,'66','Thaïlande');
INSERT INTO PAYS (ID_PAYS,MONNAIE,LANGUE,INDICATIF_TEL,LIBELLE) VALUES (212,61,7,'670','Timor oriental');
INSERT INTO PAYS (ID_PAYS,MONNAIE,LANGUE,INDICATIF_TEL,LIBELLE) VALUES (213,27,27,'228','Togo');
INSERT INTO PAYS (ID_PAYS,MONNAIE,LANGUE,INDICATIF_TEL,LIBELLE) VALUES (214,53,2,'690','Tokelau');
INSERT INTO MONNAIE (ID_MONNAIE,CODE,LIBELLE) VALUES (215,'TOP','pa’anga');
INSERT INTO PAYS (ID_PAYS,MONNAIE,LANGUE,INDICATIF_TEL,LIBELLE) VALUES (215,215,2,'676','Tonga');
INSERT INTO MONNAIE (ID_MONNAIE,CODE,LIBELLE) VALUES (216,'TTD','dollar');
INSERT INTO PAYS (ID_PAYS,MONNAIE,LANGUE,INDICATIF_TEL,LIBELLE) VALUES (216,216,2,'1','Trinité-et-Tobago');
INSERT INTO MONNAIE (ID_MONNAIE,CODE,LIBELLE) VALUES (217,'TND','dinar');
INSERT INTO PAYS (ID_PAYS,MONNAIE,LANGUE,INDICATIF_TEL,LIBELLE) VALUES (217,217,4,'216','Tunisie');
INSERT INTO LANGUE (ID_LANGUE,LIBELLE) VALUES (218,'Turkmène');
INSERT INTO MONNAIE (ID_MONNAIE,CODE,LIBELLE) VALUES (218,'TMM','manat');
INSERT INTO PAYS (ID_PAYS,MONNAIE,LANGUE,INDICATIF_TEL,LIBELLE) VALUES (218,218,218,'993','Turkménistan');
INSERT INTO PAYS (ID_PAYS,MONNAIE,LANGUE,INDICATIF_TEL,LIBELLE) VALUES (219,61,2,'1','Turques-et-Caïques (Îles)');
INSERT INTO LANGUE (ID_LANGUE,LIBELLE) VALUES (220,'Turc');
INSERT INTO MONNAIE (ID_MONNAIE,CODE,LIBELLE) VALUES (220,'TRY','livre');
INSERT INTO PAYS (ID_PAYS,MONNAIE,LANGUE,INDICATIF_TEL,LIBELLE) VALUES (220,220,220,'90','Turquie');
INSERT INTO PAYS (ID_PAYS,MONNAIE,LANGUE,INDICATIF_TEL,LIBELLE) VALUES (221,16,2,'688','Tuvalu');
INSERT INTO LANGUE (ID_LANGUE,LIBELLE) VALUES (222,'Ukrainien');
INSERT INTO MONNAIE (ID_MONNAIE,CODE,LIBELLE) VALUES (222,'UAH','hryvnia');
INSERT INTO PAYS (ID_PAYS,MONNAIE,LANGUE,INDICATIF_TEL,LIBELLE) VALUES (222,222,222,'380','Ukraine');
INSERT INTO MONNAIE (ID_MONNAIE,CODE,LIBELLE) VALUES (223,'UYU','peso');
INSERT INTO PAYS (ID_PAYS,MONNAIE,LANGUE,INDICATIF_TEL,LIBELLE) VALUES (223,223,12,'598','Uruguay');
INSERT INTO MONNAIE (ID_MONNAIE,CODE,LIBELLE) VALUES (224,'VUV','vatu');
INSERT INTO PAYS (ID_PAYS,MONNAIE,LANGUE,INDICATIF_TEL,LIBELLE) VALUES (224,224,27,'678','Vanuatu');
INSERT INTO PAYS (ID_PAYS,MONNAIE,LANGUE,INDICATIF_TEL,LIBELLE) VALUES (225,5,105,'379','Vatican');
INSERT INTO MONNAIE (ID_MONNAIE,CODE,LIBELLE) VALUES (226,'VEB','bolivar');
INSERT INTO PAYS (ID_PAYS,MONNAIE,LANGUE,INDICATIF_TEL,LIBELLE) VALUES (226,226,12,'58','Venezuela');
INSERT INTO PAYS (ID_PAYS,MONNAIE,LANGUE,INDICATIF_TEL,LIBELLE) VALUES (227,61,2,'1','Vierges américaines (Îles)');
INSERT INTO PAYS (ID_PAYS,MONNAIE,LANGUE,INDICATIF_TEL,LIBELLE) VALUES (228,61,2,'1','Vierges britanniques (Îles)');
INSERT INTO LANGUE (ID_LANGUE,LIBELLE) VALUES (229,'Vietnamien');
INSERT INTO MONNAIE (ID_MONNAIE,CODE,LIBELLE) VALUES (229,'VND','dong');
INSERT INTO PAYS (ID_PAYS,MONNAIE,LANGUE,INDICATIF_TEL,LIBELLE) VALUES (229,229,229,'84','Viêt Nam ');
INSERT INTO PAYS (ID_PAYS,MONNAIE,LANGUE,INDICATIF_TEL,LIBELLE) VALUES (230,157,27,'681','Wallis-et-Futuna');
INSERT INTO MONNAIE (ID_MONNAIE,CODE,LIBELLE) VALUES (231,'YER','riyal');
INSERT INTO PAYS (ID_PAYS,MONNAIE,LANGUE,INDICATIF_TEL,LIBELLE) VALUES (231,231,4,'967','Yémen');
INSERT INTO MONNAIE (ID_MONNAIE,CODE,LIBELLE) VALUES (232,'ZMK','kwacha');
INSERT INTO PAYS (ID_PAYS,MONNAIE,LANGUE,INDICATIF_TEL,LIBELLE) VALUES (232,232,2,'260','Zambie');
INSERT INTO MONNAIE (ID_MONNAIE,CODE,LIBELLE) VALUES (233,'ZWD','dollar');
INSERT INTO PAYS (ID_PAYS,MONNAIE,LANGUE,INDICATIF_TEL,LIBELLE) VALUES (233,233,2,'263','Zimbabwe');

INSERT INTO TYPE_EQUIPEMENT (ID_TYPE_EQUIPEMENT,LIBELLE) VALUES (1,'Navigation');
INSERT INTO EQUIPEMENT (ID_EQUIPEMENT,LIBELLE,TYPE_EQUIPEMENT) VALUES (1,'GPS',1);
INSERT INTO EQUIPEMENT (ID_EQUIPEMENT,LIBELLE,TYPE_EQUIPEMENT) VALUES (2,'Radar',1);
INSERT INTO EQUIPEMENT (ID_EQUIPEMENT,LIBELLE,TYPE_EQUIPEMENT) VALUES (3,'Sondeur',1);
INSERT INTO EQUIPEMENT (ID_EQUIPEMENT,LIBELLE,TYPE_EQUIPEMENT) VALUES (4,'Pilote auto',1);
INSERT INTO EQUIPEMENT (ID_EQUIPEMENT,LIBELLE,TYPE_EQUIPEMENT) VALUES (5,'Compas',1);
INSERT INTO EQUIPEMENT (ID_EQUIPEMENT,LIBELLE,TYPE_EQUIPEMENT) VALUES (6,'Jumelles',1);
INSERT INTO EQUIPEMENT (ID_EQUIPEMENT,LIBELLE,TYPE_EQUIPEMENT) VALUES (7,'Sextant',1);
INSERT INTO TYPE_EQUIPEMENT (ID_TYPE_EQUIPEMENT,LIBELLE) VALUES (8,'Communication');
INSERT INTO EQUIPEMENT (ID_EQUIPEMENT,LIBELLE,TYPE_EQUIPEMENT) VALUES (8,'Radio VHF',8);
INSERT INTO EQUIPEMENT (ID_EQUIPEMENT,LIBELLE,TYPE_EQUIPEMENT) VALUES (9,'Radio BLU',8);
INSERT INTO EQUIPEMENT (ID_EQUIPEMENT,LIBELLE,TYPE_EQUIPEMENT) VALUES (10,'AIS',8);
INSERT INTO EQUIPEMENT (ID_EQUIPEMENT,LIBELLE,TYPE_EQUIPEMENT) VALUES (11,'Téléphone satellite',8);
INSERT INTO TYPE_EQUIPEMENT (ID_TYPE_EQUIPEMENT,LIBELLE) VALUES (12,'Alimentation élect');
INSERT INTO EQUIPEMENT (ID_EQUIPEMENT,LIBELLE,TYPE_EQUIPEMENT) VALUES (12,'Panneau solaire',12);
INSERT INTO EQUIPEMENT (ID_EQUIPEMENT,LIBELLE,TYPE_EQUIPEMENT) VALUES (13,'Eolienne',12);
INSERT INTO EQUIPEMENT (ID_EQUIPEMENT,LIBELLE,TYPE_EQUIPEMENT) VALUES (14,'Hydrogénérateur',12);
INSERT INTO EQUIPEMENT (ID_EQUIPEMENT,LIBELLE,TYPE_EQUIPEMENT) VALUES (15,'Groupe électrogène',12);
INSERT INTO EQUIPEMENT (ID_EQUIPEMENT,LIBELLE,TYPE_EQUIPEMENT) VALUES (16,'Batterie',12);
INSERT INTO TYPE_EQUIPEMENT (ID_TYPE_EQUIPEMENT,LIBELLE) VALUES (17,'Vie à bord');
INSERT INTO EQUIPEMENT (ID_EQUIPEMENT,LIBELLE,TYPE_EQUIPEMENT) VALUES (17,'Dessalinisateur',17);
INSERT INTO EQUIPEMENT (ID_EQUIPEMENT,LIBELLE,TYPE_EQUIPEMENT) VALUES (18,'Plaque de cuisson',17);
INSERT INTO EQUIPEMENT (ID_EQUIPEMENT,LIBELLE,TYPE_EQUIPEMENT) VALUES (19,'Four',17);
INSERT INTO EQUIPEMENT (ID_EQUIPEMENT,LIBELLE,TYPE_EQUIPEMENT) VALUES (20,'Réfrigérateur',17);
INSERT INTO EQUIPEMENT (ID_EQUIPEMENT,LIBELLE,TYPE_EQUIPEMENT) VALUES (21,'Congélateur',17);
INSERT INTO EQUIPEMENT (ID_EQUIPEMENT,LIBELLE,TYPE_EQUIPEMENT) VALUES (22,'Lava linge',17);
INSERT INTO TYPE_EQUIPEMENT (ID_TYPE_EQUIPEMENT,LIBELLE) VALUES (23,'Sécurité');
INSERT INTO EQUIPEMENT (ID_EQUIPEMENT,LIBELLE,TYPE_EQUIPEMENT) VALUES (23,'Trousse de secours',23);
INSERT INTO EQUIPEMENT (ID_EQUIPEMENT,LIBELLE,TYPE_EQUIPEMENT) VALUES (24,'Equipements oblig',23);

INSERT INTO TYPE_COMPETENCE (ID_TYPE_COMPETENCE,LIBELLE) VALUES (1,'Voile');
INSERT INTO COMPETENCE (ID_COMPETENCE,LIBELLE,TYPE_COMPETENCE) VALUES (1,'Matelotage',1);
INSERT INTO COMPETENCE (ID_COMPETENCE,LIBELLE,TYPE_COMPETENCE) VALUES (2,'Manœuvre en mer',1);
INSERT INTO COMPETENCE (ID_COMPETENCE,LIBELLE,TYPE_COMPETENCE) VALUES (3,'Manœuvre au port',1);
INSERT INTO COMPETENCE (ID_COMPETENCE,LIBELLE,TYPE_COMPETENCE) VALUES (4,'Réglage des voiles',1);
INSERT INTO COMPETENCE (ID_COMPETENCE,LIBELLE,TYPE_COMPETENCE) VALUES (5,'Navigation',1);
INSERT INTO TYPE_COMPETENCE (ID_TYPE_COMPETENCE,LIBELLE) VALUES (6,'Fée du logis');
INSERT INTO COMPETENCE (ID_COMPETENCE,LIBELLE,TYPE_COMPETENCE) VALUES (6,'Cuisine',6);
INSERT INTO COMPETENCE (ID_COMPETENCE,LIBELLE,TYPE_COMPETENCE) VALUES (7,'Ménage et nettoyage',6);
INSERT INTO TYPE_COMPETENCE (ID_TYPE_COMPETENCE,LIBELLE) VALUES (8,'Réparat° et entret');
INSERT INTO COMPETENCE (ID_COMPETENCE,LIBELLE,TYPE_COMPETENCE) VALUES (8,'Réparation',8);
INSERT INTO COMPETENCE (ID_COMPETENCE,LIBELLE,TYPE_COMPETENCE) VALUES (9,'Entretien gén bateau',8);
INSERT INTO COMPETENCE (ID_COMPETENCE,LIBELLE,TYPE_COMPETENCE) VALUES (10,'Informatique',8);
INSERT INTO TYPE_COMPETENCE (ID_TYPE_COMPETENCE,LIBELLE) VALUES (11,'Santé');
INSERT INTO COMPETENCE (ID_COMPETENCE,LIBELLE,TYPE_COMPETENCE) VALUES (11,'Premiers soins',11);
INSERT INTO COMPETENCE (ID_COMPETENCE,LIBELLE,TYPE_COMPETENCE) VALUES (12,'Médecine',11);
INSERT INTO TYPE_COMPETENCE (ID_TYPE_COMPETENCE,LIBELLE) VALUES (13,'Autre');
INSERT INTO COMPETENCE (ID_COMPETENCE,LIBELLE,TYPE_COMPETENCE) VALUES (13,'Pêche',13);

INSERT INTO ROLE (ID_ROLE,NOM) VALUES (0,'skipper');
INSERT INTO ROLE (ID_ROLE,NOM) VALUES (1,'equipier');
INSERT INTO ROLE (ID_ROLE,NOM) VALUES (2,'admin');

INSERT INTO PROPRIETE (CLE,VALEUR) VALUES ('tmp_photo_local_path','H:/BYOB/seam/jboss-5.0.0.GA/server/default/deploy/ROOT.war/photos/tmp/');
INSERT INTO PROPRIETE (CLE,VALEUR) VALUES ('tmp_photo_url','http://localhost/photos/tmp/');
INSERT INTO PROPRIETE (CLE,VALEUR) VALUES ('utilisateur_photo_local_path','H:/BYOB/seam/jboss-5.0.0.GA/server/default/deploy/ROOT.war/photos/utilisateurs/');
INSERT INTO PROPRIETE (CLE,VALEUR) VALUES ('utilisateur_photo_url','http://localhost/photos/utilisateurs/');
INSERT INTO PROPRIETE (CLE,VALEUR) VALUES ('res_url','http://localhost/res/');
INSERT INTO PROPRIETE (CLE,VALEUR) VALUES ('res_url_path','H:/BYOB/seam/jboss-5.0.0.GA/server/default/deploy/ROOT.war/res/');
INSERT INTO PROPRIETE (CLE,VALEUR) VALUES ('base_path_fr','http://localhost/BoatHitchhiking/');
INSERT INTO PROPRIETE (CLE,VALEUR) VALUES ('base_path_en','http://127.0.0.1/BoatHitchhiking/');
INSERT INTO PROPRIETE (CLE,VALEUR) VALUES ('gmap_key_fr','ABQIAAAAyUcKyHjU5vnO4cK-Ds83eRTV5v1sxsotOcJ4NwDWYWoJsGTb1RROu4rHSWdHSXFFyHPOmpxNIKWeCg');
INSERT INTO PROPRIETE (CLE,VALEUR) VALUES ('gmap_key_en','ABQIAAAAyUcKyHjU5vnO4cK-Ds83eRSttnfzdE-YVdFGawxPiQ22ZKdNzBSIzvPtc0ShlEq7eniZnVeWwYhVaA');
INSERT INTO PROPRIETE (CLE,VALEUR) VALUES ('url_rss_offre_fr','rssBSOffre.xml');
INSERT INTO PROPRIETE (CLE,VALEUR) VALUES ('url_rss_demande_fr','rssBSDemande.xml');
INSERT INTO PROPRIETE (CLE,VALEUR) VALUES ('url_rss_utilisateur_fr','rssBSUtilisateur.xml');
INSERT INTO PROPRIETE (CLE,VALEUR) VALUES ('url_rss_tout_fr','rssBS.xml');
INSERT INTO PROPRIETE (CLE,VALEUR) VALUES ('url_rss_offre_en','rssBHOffer.xml');
INSERT INTO PROPRIETE (CLE,VALEUR) VALUES ('url_rss_demande_en','rssBHRequest.xml');
INSERT INTO PROPRIETE (CLE,VALEUR) VALUES ('url_rss_utilisateur_en','rssBHUser.xml');
INSERT INTO PROPRIETE (CLE,VALEUR) VALUES ('url_rss_tout_en','rssBH.xml');
INSERT INTO PROPRIETE (CLE,VALEUR) VALUES ('url_ext_rss_offre_fr','http://feeds.bateaustop.fr/Bateaustop-BourseAuxEquipiers-Offres');
INSERT INTO PROPRIETE (CLE,VALEUR) VALUES ('url_ext_rss_demande_fr','http://feeds.bateaustop.fr/Bateaustop-BourseAuxEquipiers-Demandes');
INSERT INTO PROPRIETE (CLE,VALEUR) VALUES ('url_ext_rss_utilisateur_fr','http://feeds.bateaustop.fr/Bateaustop-BourseAuxEquipiers-Utilisateurs');
INSERT INTO PROPRIETE (CLE,VALEUR) VALUES ('url_ext_rss_tout_fr','http://feeds.bateaustop.fr/Bateaustop-BourseAuxEquipiers');
INSERT INTO PROPRIETE (CLE,VALEUR) VALUES ('url_ext_rss_offre_en','http://feeds.bateaustop.fr/Boathitchhiking-CrewExchange-Offers');
INSERT INTO PROPRIETE (CLE,VALEUR) VALUES ('url_ext_rss_demande_en','http://feeds.bateaustop.fr/Boathitchhiking-CrewExchange-Requests');
INSERT INTO PROPRIETE (CLE,VALEUR) VALUES ('url_ext_rss_utilisateur_en','http://feeds.bateaustop.fr/Boathitchhiking-CrewExchange-Users');
INSERT INTO PROPRIETE (CLE,VALEUR) VALUES ('url_ext_rss_tout_en','http://feeds.bateaustop.fr/Boathitchhiking-CrewExchange');

INSERT INTO lieu (id_lieu, ville, pays, latitude, longitude) VALUES (1, 'DummyPlace', 1, NULL, NULL);
INSERT INTO lieu (id_lieu, ville, pays, latitude, longitude) VALUES (7, 'Partout France Espagne Portugal', 76, NULL, NULL);
INSERT INTO lieu (id_lieu, ville, pays, latitude, longitude) VALUES (8, 'Partout', 41, NULL, NULL);
INSERT INTO lieu (id_lieu, ville, pays, latitude, longitude) VALUES (33, 'Indifférente', 76, NULL, NULL);
INSERT INTO lieu (id_lieu, ville, pays, latitude, longitude) VALUES (0, 'Trets', 76, 43.447647, 5.6845002);
INSERT INTO lieu (id_lieu, ville, pays, latitude, longitude) VALUES (2, 'Marseille', 76, 43.297611, 5.381042);
INSERT INTO lieu (id_lieu, ville, pays, latitude, longitude) VALUES (3, 'Partout', 76, 46.063442, -0.60328972);
INSERT INTO lieu (id_lieu, ville, pays, latitude, longitude) VALUES (4, 'Quimper', 76, 47.995949, -4.0999222);
INSERT INTO lieu (id_lieu, ville, pays, latitude, longitude) VALUES (5, 'Quebec', 40, 52.939915, -73.549133);
INSERT INTO lieu (id_lieu, ville, pays, latitude, longitude) VALUES (6, 'Cherbourg', 76, 49.638668, -1.6142406);
INSERT INTO lieu (id_lieu, ville, pays, latitude, longitude) VALUES (9, 'Langres', 76, 47.862976, 5.3341098);
INSERT INTO lieu (id_lieu, ville, pays, latitude, longitude) VALUES (10, 'Six fours', 76, 43.094765, 5.8338203);
INSERT INTO lieu (id_lieu, ville, pays, latitude, longitude) VALUES (11, 'Sausset', 76, 43.331165, 5.1063094);
INSERT INTO lieu (id_lieu, ville, pays, latitude, longitude) VALUES (12, 'Besancon', 76, 47.241226, 6.0255656);
INSERT INTO lieu (id_lieu, ville, pays, latitude, longitude) VALUES (13, '', 76, 46.227638, 2.2137489);
INSERT INTO lieu (id_lieu, ville, pays, latitude, longitude) VALUES (14, 'Nice', 76, 43.703426, 7.2662654);
INSERT INTO lieu (id_lieu, ville, pays, latitude, longitude) VALUES (15, 'Paris', 76, 48.856667, 2.3509872);
INSERT INTO lieu (id_lieu, ville, pays, latitude, longitude) VALUES (16, '', 171, -17.679743, -149.40685);
INSERT INTO lieu (id_lieu, ville, pays, latitude, longitude) VALUES (17, 'Toulon', 76, 43.12516, 5.9311118);
INSERT INTO lieu (id_lieu, ville, pays, latitude, longitude) VALUES (18, 'Colonia del Sacramento', 223, -34.47139, -57.844166);
INSERT INTO lieu (id_lieu, ville, pays, latitude, longitude) VALUES (19, 'Saint-malo', 76, 48.648178, -2.0260899);
INSERT INTO lieu (id_lieu, ville, pays, latitude, longitude) VALUES (20, 'Salvador de bahia', 33, -12.970382, -38.512383);
INSERT INTO lieu (id_lieu, ville, pays, latitude, longitude) VALUES (21, '', 99, -0.78927499, 113.92133);
INSERT INTO lieu (id_lieu, ville, pays, latitude, longitude) VALUES (27, 'Nimes', 76, 43.834591, 4.3608637);
INSERT INTO lieu (id_lieu, ville, pays, latitude, longitude) VALUES (28, 'Tarnos', 76, 43.541515, -1.4626822);
INSERT INTO lieu (id_lieu, ville, pays, latitude, longitude) VALUES (29, 'Magny en vexin', 76, 49.155369, 1.7867957);
INSERT INTO lieu (id_lieu, ville, pays, latitude, longitude) VALUES (30, 'Puyysegur', 76, 43.748631, 1.0618393);
INSERT INTO lieu (id_lieu, ville, pays, latitude, longitude) VALUES (31, 'Antibes', 76, 43.580723, 7.1208725);
INSERT INTO lieu (id_lieu, ville, pays, latitude, longitude) VALUES (32, 'Méditerranée', 76, 43.580669, 3.9603944);
INSERT INTO lieu (id_lieu, ville, pays, latitude, longitude) VALUES (34, 'ANDERNOS les BAINS', 76, 44.745533, -1.1035367);
INSERT INTO lieu (id_lieu, ville, pays, latitude, longitude) VALUES (35, 'Aix en Provence', 76, 43.52491, 5.4541445);
INSERT INTO lieu (id_lieu, ville, pays, latitude, longitude) VALUES (36, 'Cayenne', 92, 4.9226999, -52.3269);
INSERT INTO lieu (id_lieu, ville, pays, latitude, longitude) VALUES (37, 'Test', 76, 47.619534, 3.3611608);
INSERT INTO lieu (id_lieu, ville, pays, latitude, longitude) VALUES (38, 'Montreuil', 76, 48.858246, 2.4368062);
INSERT INTO lieu (id_lieu, ville, pays, latitude, longitude) VALUES (39, '', 82, 39.074207, 21.824312);
INSERT INTO lieu (id_lieu, ville, pays, latitude, longitude) VALUES (40, 'METZ', 76, 49.116127, 6.1726956);
INSERT INTO lieu (id_lieu, ville, pays, latitude, longitude) VALUES (41, 'SAINT-AVOLD', 76, 49.101372, 6.7087317);
INSERT INTO lieu (id_lieu, ville, pays, latitude, longitude) VALUES (42, '', 12, -38.416096, -63.616673);
INSERT INTO lieu (id_lieu, ville, pays, latitude, longitude) VALUES (43, 'Saint Martin Antilles', 76, 46.201996, -1.3515143);
INSERT INTO lieu (id_lieu, ville, pays, latitude, longitude) VALUES (44, 'Pointe a pitre', 85, 16.241112, -61.533054);
INSERT INTO lieu (id_lieu, ville, pays, latitude, longitude) VALUES (45, 'Trois Ilets', 135, 14.538224, -61.036945);
INSERT INTO lieu (id_lieu, ville, pays, latitude, longitude) VALUES (46, 'Le Marin', 135, 14.525228, -60.930733);
INSERT INTO lieu (id_lieu, ville, pays, latitude, longitude) VALUES (51, 'BASTIA', 76, 42.702137, 9.4507475);
INSERT INTO lieu (id_lieu, ville, pays, latitude, longitude) VALUES (52, 'Cogolin', 76, 43.251026, 6.5329113);
INSERT INTO lieu (id_lieu, ville, pays, latitude, longitude) VALUES (53, 'Cassis', 76, 43.216, 5.5386329);
INSERT INTO lieu (id_lieu, ville, pays, latitude, longitude) VALUES (54, 'St-Tropez', 76, 43.270184, 6.6409855);
INSERT INTO lieu (id_lieu, ville, pays, latitude, longitude) VALUES (55, 'Corse', 76, 42.039604, 9.0128927);
INSERT INTO lieu (id_lieu, ville, pays, latitude, longitude) VALUES (56, 'Entraigues sur la sorgues', 76, 44.007458, 4.8781452);
INSERT INTO lieu (id_lieu, ville, pays, latitude, longitude) VALUES (57, 'St mayeux', 76, 48.255844, -3.0050032);
INSERT INTO lieu (id_lieu, ville, pays, latitude, longitude) VALUES (58, 'Gibraltar', 69, 40.463669, -3.7492199);
INSERT INTO lieu (id_lieu, ville, pays, latitude, longitude) VALUES (22, 'Le Marin Martinique', 76, 14.564831, -61.029671);
INSERT INTO lieu (id_lieu, ville, pays, latitude, longitude) VALUES (23, 'Yverdon-les-Bains', 202, 46.778694, 6.6414003);
INSERT INTO lieu (id_lieu, ville, pays, latitude, longitude) VALUES (24, 'Carentan', 76, 49.303249, -1.2477965);
INSERT INTO lieu (id_lieu, ville, pays, latitude, longitude) VALUES (25, 'Lyon', 76, 45.7673, 4.8343287);
INSERT INTO lieu (id_lieu, ville, pays, latitude, longitude) VALUES (26, 'VOH', 157, -20.950001, 164.68333);
INSERT INTO lieu (id_lieu, ville, pays, latitude, longitude) VALUES (47, 'La Rochelle', 76, 46.15802, -1.1535951);
INSERT INTO lieu (id_lieu, ville, pays, latitude, longitude) VALUES (48, 'Gouttieres', 76, 46.062656, 2.7702165);
INSERT INTO lieu (id_lieu, ville, pays, latitude, longitude) VALUES (49, '', 41, 16.002083, -24.013197);
INSERT INTO lieu (id_lieu, ville, pays, latitude, longitude) VALUES (50, '', 33, -14.235004, -51.925282);
INSERT INTO lieu (id_lieu, ville, pays, latitude, longitude) VALUES (70, 'Langkawi', 126, 6.3232999, 99.854721);
INSERT INTO lieu (id_lieu, ville, pays, latitude, longitude) VALUES (71, 'Krakow', 170, 50.064651, 19.944981);
INSERT INTO lieu (id_lieu, ville, pays, latitude, longitude) VALUES (72, 'La londe les maures', 76, 43.137863, 6.2345691);
INSERT INTO lieu (id_lieu, ville, pays, latitude, longitude) VALUES (73, 'Saint Georges Sur Cher', 76, 47.325138, 1.1248747);
INSERT INTO lieu (id_lieu, ville, pays, latitude, longitude) VALUES (74, 'Toulouse', 76, 43.604362, 1.4429513);
INSERT INTO lieu (id_lieu, ville, pays, latitude, longitude) VALUES (77, 'Praia', 41, 14.930464, -23.512669);
INSERT INTO lieu (id_lieu, ville, pays, latitude, longitude) VALUES (78, 'Pointe-Noire', 85, 16.230223, -61.786812);
INSERT INTO lieu (id_lieu, ville, pays, latitude, longitude) VALUES (81, 'Prevezza', 82, 38.960987, 20.750505);
INSERT INTO lieu (id_lieu, ville, pays, latitude, longitude) VALUES (75, 'COMBS LA VILLE', 76, 48.664627, 2.5636082);
INSERT INTO lieu (id_lieu, ville, pays, latitude, longitude) VALUES (76, 'Montpellier', 76, 43.608177, 3.8794456);
INSERT INTO lieu (id_lieu, ville, pays, latitude, longitude) VALUES (69, 'Pucket', 211, 7.9843111, 98.33075);
INSERT INTO lieu (id_lieu, ville, pays, latitude, longitude) VALUES (59, '', 92, 3.9338889, -53.125782);
INSERT INTO lieu (id_lieu, ville, pays, latitude, longitude) VALUES (60, 'Nouméa', 157, -22.275833, 166.45805);
INSERT INTO lieu (id_lieu, ville, pays, latitude, longitude) VALUES (61, 'Guerande', 76, 47.32782, -2.4294169);
INSERT INTO lieu (id_lieu, ville, pays, latitude, longitude) VALUES (62, '', 173, 39.399872, -8.2244539);
INSERT INTO lieu (id_lieu, ville, pays, latitude, longitude) VALUES (63, 'Ruffey les beaune', 76, 47.019115, 4.9136105);
INSERT INTO lieu (id_lieu, ville, pays, latitude, longitude) VALUES (64, 'Lima', 168, -12.043333, -77.028336);
INSERT INTO lieu (id_lieu, ville, pays, latitude, longitude) VALUES (65, 'Le Grau d Agde', 76, 43.286366, 3.4494085);
INSERT INTO lieu (id_lieu, ville, pays, latitude, longitude) VALUES (66, 'Colomiers', 76, 43.612465, 1.3328429);
INSERT INTO lieu (id_lieu, ville, pays, latitude, longitude) VALUES (67, 'Neuchatel', 202, 46.992004, 6.9309211);
INSERT INTO lieu (id_lieu, ville, pays, latitude, longitude) VALUES (68, 'Ambilly', 76, 46.19278, 6.2244558);
INSERT INTO lieu (id_lieu, ville, pays, latitude, longitude) VALUES (79, '', 85, 16.995972, -62.067642);
INSERT INTO lieu (id_lieu, ville, pays, latitude, longitude) VALUES (80, '', 9, 17.060816, -61.796429);
INSERT INTO lieu (id_lieu, ville, pays, latitude, longitude) VALUES (82, 'ARZON', 76, 47.549408, -2.8934977);
INSERT INTO lieu (id_lieu, ville, pays, latitude, longitude) VALUES (83, 'Gocek', 220, 36.756943, 28.944445);
INSERT INTO lieu (id_lieu, ville, pays, latitude, longitude) VALUES (84, 'Weir', 40, 45.940346, -74.547371);
INSERT INTO lieu (id_lieu, ville, pays, latitude, longitude) VALUES (85, 'Grenoble', 76, 45.194275, 5.7316337);
INSERT INTO lieu (id_lieu, ville, pays, latitude, longitude) VALUES (86, 'Tours', 76, 47.390293, 0.68885142);
INSERT INTO lieu (id_lieu, ville, pays, latitude, longitude) VALUES (87, 'SAINT RAPHAEL', 76, 43.424881, 6.7703772);
INSERT INTO lieu (id_lieu, ville, pays, latitude, longitude) VALUES (90, 'Lacanau', 76, 44.97794, -1.0754707);
INSERT INTO lieu (id_lieu, ville, pays, latitude, longitude) VALUES (91, 'Biarritz', 76, 43.482246, -1.5608298);
INSERT INTO lieu (id_lieu, ville, pays, latitude, longitude) VALUES (92, 'Brest', 76, 48.390606, -4.4869013);

INSERT INTO photo_utilisateur (id_photo, path) VALUES (0, 'globefinal2.png');
INSERT INTO photo_utilisateur (id_photo, path) VALUES (2, 'DSC02754Bis_1.JPG');
INSERT INTO photo_utilisateur (id_photo, path) VALUES (3, 'stirven1-94285.jpg');
INSERT INTO photo_utilisateur (id_photo, path) VALUES (4, 'globefinal2.png');
INSERT INTO photo_utilisateur (id_photo, path) VALUES (5, 'Michel-Portrait.jpg');
INSERT INTO photo_utilisateur (id_photo, path) VALUES (6, 'DSCF6299.JPG');
INSERT INTO photo_utilisateur (id_photo, path) VALUES (7, 'Free_Dom_1_1.jpg');
INSERT INTO photo_utilisateur (id_photo, path) VALUES (8, 'Suryus2008_034a.jpg');

INSERT INTO utilisateur (pseudonyme, actif, adresse, nom, prenom, site, tel, tel_bis, date_inscription, date_naissance, description, langue_pref, mail, mot_de_passe, moyenne_notes, sexe, xp_generale, lieu, photo, MAIL_AUTH) VALUES ('DummyUser', '', NULL, 'Dummy', 'User', 'http://', '00', NULL, '2010-03-19 00:00:00', NULL, NULL, 'fr', 'dummy.user@boathitchhicking.com', 'FXgVXKDD5nlJ3m7lpYFQgg==', 2.00, 'HOMME', 'PROFESSIONNEL', 2, NULL, false);
INSERT INTO utilisateur (pseudonyme, actif, adresse, nom, prenom, site, tel, tel_bis, date_inscription, date_naissance, description, langue_pref, mail, mot_de_passe, moyenne_notes, sexe, xp_generale, lieu, photo, MAIL_AUTH) VALUES ('cyril', NULL, NULL, 'Lebeau', 'Cyril', 'http://', '0632053954', NULL, '2010-04-08 08:06:25.113', NULL, NULL, 'fr', 'kojiro.sazaki1@gmail.com', 'FXgVXKDD5nlJ3m7lpYFQgg==', -1.00, NULL, NULL, 28, NULL, false);
INSERT INTO utilisateur (pseudonyme, actif, adresse, nom, prenom, site, tel, tel_bis, date_inscription, date_naissance, description, langue_pref, mail, mot_de_passe, moyenne_notes, sexe, xp_generale, lieu, photo, MAIL_AUTH) VALUES ('Damien', NULL, '', 'Montvernay', 'Damien', 'http://', '0679484264', '', '2010-04-13 13:24:24.016', '1986-07-16', '', 'fr', 'kojiro.sazaki1@gmail.com', 'FXgVXKDD5nlJ3m7lpYFQgg==', -1.00, 'HOMME', 'CONFIRME', 15, NULL, false);
INSERT INTO utilisateur (pseudonyme, actif, adresse, nom, prenom, site, tel, tel_bis, date_inscription, date_naissance, description, langue_pref, mail, mot_de_passe, moyenne_notes, sexe, xp_generale, lieu, photo, MAIL_AUTH) VALUES ('Chris', NULL, NULL, 'Gautier', 'Christian', 'http://', '0677272258', NULL, '2010-04-14 04:53:30.973', NULL, NULL, 'fr', 'kojiro.sazaki1@gmail.com', 'FXgVXKDD5nlJ3m7lpYFQgg==', -1.00, NULL, NULL, 51, NULL, false);
INSERT INTO utilisateur (pseudonyme, actif, adresse, nom, prenom, site, tel, tel_bis, date_inscription, date_naissance, description, langue_pref, mail, mot_de_passe, moyenne_notes, sexe, xp_generale, lieu, photo, MAIL_AUTH) VALUES ('Cassandre', NULL, '', 'Gentil-Perret', 'Cassandre', 'http://', '0647453031', '', '2010-03-25 00:00:00', NULL, 'Test', 'fr', 'kojiro.sazaki1@gmail.com', 'FXgVXKDD5nlJ3m7lpYFQgg==', -1.00, 'FEMME', 'NOVICE', 3, NULL, false);
INSERT INTO utilisateur (pseudonyme, actif, adresse, nom, prenom, site, tel, tel_bis, date_inscription, date_naissance, description, langue_pref, mail, mot_de_passe, moyenne_notes, sexe, xp_generale, lieu, photo, MAIL_AUTH) VALUES ('jobi', 'M2IPPFeEg4', 'Test', 'Chesnais', 'Hélène', 'http://', '06 27 91 46 43', '', '2010-03-27 00:00:00', NULL, '', 'fr', 'kojiro.sazaki1@gmail.com', 'FXgVXKDD5nlJ3m7lpYFQgg==', -1.00, NULL, 'NOVICE', 4, NULL, false);
INSERT INTO utilisateur (pseudonyme, actif, adresse, nom, prenom, site, tel, tel_bis, date_inscription, date_naissance, description, langue_pref, mail, mot_de_passe, moyenne_notes, sexe, xp_generale, lieu, photo, MAIL_AUTH) VALUES ('tomiruse', NULL, '', 'RUSEK', 'Thomas', 'http://myspace.com/leschansonsarudal', '0675634093', '', '2010-03-29 00:00:00', NULL, '', 'fr', 'kojiro.sazaki1@gmail.com', 'FXgVXKDD5nlJ3m7lpYFQgg==', -1.00, NULL, 'INEXPERIMENTE', 6, NULL, false);
INSERT INTO utilisateur (pseudonyme, actif, adresse, nom, prenom, site, tel, tel_bis, date_inscription, date_naissance, description, langue_pref, mail, mot_de_passe, moyenne_notes, sexe, xp_generale, lieu, photo, MAIL_AUTH) VALUES ('Ada', NULL, '', 'Martin', 'Elsa', 'http://', '0981769942', '', '2010-03-30 00:00:00', NULL, '', 'fr', 'kojiro.sazaki1@gmail.com', 'FXgVXKDD5nlJ3m7lpYFQgg==', -1.00, 'FEMME', 'NOVICE', 2, 3, false);
INSERT INTO utilisateur (pseudonyme, actif, adresse, nom, prenom, site, tel, tel_bis, date_inscription, date_naissance, description, langue_pref, mail, mot_de_passe, moyenne_notes, sexe, xp_generale, lieu, photo, MAIL_AUTH) VALUES ('lacarlotta', NULL, '', 'Thiery', 'Charlotte', 'http://', '0630791416', '0325906220', '2010-04-01 00:00:00', NULL, '', 'fr', 'kojiro.sazaki1@gmail.com', 'FXgVXKDD5nlJ3m7lpYFQgg==', -1.00, NULL, 'INEXPERIMENTE', 9, NULL, false);
INSERT INTO utilisateur (pseudonyme, actif, adresse, nom, prenom, site, tel, tel_bis, date_inscription, date_naissance, description, langue_pref, mail, mot_de_passe, moyenne_notes, sexe, xp_generale, lieu, photo, MAIL_AUTH) VALUES ('iorana', NULL, NULL, 'Sangam', 'Jean Marie', 'http://', '0671643837', NULL, '2010-04-10 11:25:12.053', NULL, NULL, 'fr', 'kojiro.sazaki1@gmail.com', 'FXgVXKDD5nlJ3m7lpYFQgg==', -1.00, NULL, NULL, 15, NULL, false);
INSERT INTO utilisateur (pseudonyme, actif, adresse, nom, prenom, site, tel, tel_bis, date_inscription, date_naissance, description, langue_pref, mail, mot_de_passe, moyenne_notes, sexe, xp_generale, lieu, photo, MAIL_AUTH) VALUES ('coucagne', NULL, NULL, 'DAVID', 'Jean-Luc', 'http://', '78 35 31', NULL, '2010-04-08 03:21:29.736', NULL, NULL, 'fr', 'kojiro.sazaki1@gmail.com', 'FXgVXKDD5nlJ3m7lpYFQgg==', -1.00, NULL, NULL, 26, NULL, false);
INSERT INTO utilisateur (pseudonyme, actif, adresse, nom, prenom, site, tel, tel_bis, date_inscription, date_naissance, description, langue_pref, mail, mot_de_passe, moyenne_notes, sexe, xp_generale, lieu, photo, MAIL_AUTH) VALUES ('xavdarb', NULL, '', 'Darbaumont', 'Xavier', 'http://', '0698311411', '', '2010-04-03 19:05:49.159', '1987-11-14', 'Saisonnier depuis 5ans moniteurs de voile et moniteurs de ski et je suis motive pour tous', 'fr', 'kojiro.sazaki1@gmail.com', 'FXgVXKDD5nlJ3m7lpYFQgg==', -1.00, 'HOMME', 'CONFIRME', 12, NULL, false);
INSERT INTO utilisateur (pseudonyme, actif, adresse, nom, prenom, site, tel, tel_bis, date_inscription, date_naissance, description, langue_pref, mail, mot_de_passe, moyenne_notes, sexe, xp_generale, lieu, photo, MAIL_AUTH) VALUES ('esope', NULL, NULL, 'Esope', 'JEAN', 'http://', '0694021658', NULL, '2010-04-05 04:15:03.483', NULL, NULL, 'fr', 'kojiro.sazaki1@gmail.com', 'FXgVXKDD5nlJ3m7lpYFQgg==', -1.00, NULL, NULL, 14, NULL, false);
INSERT INTO utilisateur (pseudonyme, actif, adresse, nom, prenom, site, tel, tel_bis, date_inscription, date_naissance, description, langue_pref, mail, mot_de_passe, moyenne_notes, sexe, xp_generale, lieu, photo, MAIL_AUTH) VALUES ('Jude', NULL, NULL, 'Semiaticki', 'Adrienne', 'http://', '0661555004', NULL, '2010-04-06 00:17:12.346', NULL, NULL, 'fr', 'kojiro.sazaki1@gmail.com', 'FXgVXKDD5nlJ3m7lpYFQgg==', -1.00, NULL, NULL, 15, NULL, false);
INSERT INTO utilisateur (pseudonyme, actif, adresse, nom, prenom, site, tel, tel_bis, date_inscription, date_naissance, description, langue_pref, mail, mot_de_passe, moyenne_notes, sexe, xp_generale, lieu, photo, MAIL_AUTH) VALUES ('navigator35', NULL, NULL, 'BARRAULT', 'Jean-gabriel', 'http://', '0662720662', NULL, '2010-04-07 02:39:03.157', NULL, NULL, 'fr', 'kojiro.sazaki1@gmail.com', 'FXgVXKDD5nlJ3m7lpYFQgg==', -1.00, NULL, NULL, 19, NULL, false);
INSERT INTO utilisateur (pseudonyme, actif, adresse, nom, prenom, site, tel, tel_bis, date_inscription, date_naissance, description, langue_pref, mail, mot_de_passe, moyenne_notes, sexe, xp_generale, lieu, photo, MAIL_AUTH) VALUES ('pyrax', NULL, NULL, 'Pinatton', 'Loic', 'http://', '0633779708', NULL, '2010-04-08 08:49:37.458', NULL, NULL, 'fr', 'kojiro.sazaki1@gmail.com', 'FXgVXKDD5nlJ3m7lpYFQgg==', -1.00, NULL, NULL, 29, NULL, false);
INSERT INTO utilisateur (pseudonyme, actif, adresse, nom, prenom, site, tel, tel_bis, date_inscription, date_naissance, description, langue_pref, mail, mot_de_passe, moyenne_notes, sexe, xp_generale, lieu, photo, MAIL_AUTH) VALUES ('grandcormaran', NULL, '', 'Legrand', 'Gérard', 'http://', '06 22 06 79 51', '', '2010-04-07 22:31:58.004', NULL, '', 'fr', 'kojiro.sazaki1@gmail.com', 'FXgVXKDD5nlJ3m7lpYFQgg==', -1.00, NULL, NULL, 24, NULL, false);
INSERT INTO utilisateur (pseudonyme, actif, adresse, nom, prenom, site, tel, tel_bis, date_inscription, date_naissance, description, langue_pref, mail, mot_de_passe, moyenne_notes, sexe, xp_generale, lieu, photo, MAIL_AUTH) VALUES ('Oxygen', NULL, NULL, 'Carpriaux', 'Sylvain', 'http://', '0613163523', NULL, '2010-04-07 09:06:42.387', NULL, NULL, 'fr', 'kojiro.sazaki1@gmail.com', 'FXgVXKDD5nlJ3m7lpYFQgg==', -1.00, NULL, NULL, 15, NULL, false);
INSERT INTO utilisateur (pseudonyme, actif, adresse, nom, prenom, site, tel, tel_bis, date_inscription, date_naissance, description, langue_pref, mail, mot_de_passe, moyenne_notes, sexe, xp_generale, lieu, photo, MAIL_AUTH) VALUES ('Olivier51', NULL, NULL, 'Liengme', 'Olivier', 'http://', '+4179 259 94 98', NULL, '2010-04-07 14:37:15.185', NULL, NULL, 'fr', 'kojiro.sazaki1@gmail.com', 'FXgVXKDD5nlJ3m7lpYFQgg==', -1.00, NULL, NULL, 23, NULL, false);
INSERT INTO utilisateur (pseudonyme, actif, adresse, nom, prenom, site, tel, tel_bis, date_inscription, date_naissance, description, langue_pref, mail, mot_de_passe, moyenne_notes, sexe, xp_generale, lieu, photo, MAIL_AUTH) VALUES ('Gantoo', NULL, '', 'Pereira', 'Alain', 'http://www.gantoo.fr', '0627925626', '', '2010-03-23 00:00:00', '1981-12-14', '', 'fr', 'cpt.Gantoo@gmail.com', 'FXgVXKDD5nlJ3m7lpYFQgg==', -1.00, 'HOMME', 'INEXPERIMENTE',2, NULL, false);
INSERT INTO utilisateur (pseudonyme, actif, adresse, nom, prenom, site, tel, tel_bis, date_inscription, date_naissance, description, langue_pref, mail, mot_de_passe, moyenne_notes, sexe, xp_generale, lieu, photo, MAIL_AUTH) VALUES ('Ushuaia', NULL, NULL, 'Chacoux', 'Sophie', 'http://', '0494465610', NULL, '2010-04-07 00:34:06.313', NULL, NULL, 'fr', 'kojiro.sazaki1@gmail.com', 'FXgVXKDD5nlJ3m7lpYFQgg==', -1.00, NULL, NULL, 17, NULL, false);
INSERT INTO utilisateur (pseudonyme, actif, adresse, nom, prenom, site, tel, tel_bis, date_inscription, date_naissance, description, langue_pref, mail, mot_de_passe, moyenne_notes, sexe, xp_generale, lieu, photo, MAIL_AUTH) VALUES ('etienne', NULL, NULL, 'Digard', 'Etienne', 'http://', '0622221959', NULL, '2010-04-08 11:37:14.082', NULL, NULL, 'fr', 'kojiro.sazaki1@gmail.com', 'FXgVXKDD5nlJ3m7lpYFQgg==', -1.00, NULL, NULL, 14, NULL, false);
INSERT INTO utilisateur (pseudonyme, actif, adresse, nom, prenom, site, tel, tel_bis, date_inscription, date_naissance, description, langue_pref, mail, mot_de_passe, moyenne_notes, sexe, xp_generale, lieu, photo, MAIL_AUTH) VALUES ('namaste', NULL, NULL, 'Lavergne', 'Clemence', 'http://', '0683392530', NULL, '2010-04-08 14:01:03.73', NULL, NULL, 'fr', 'kojiro.sazaki1@gmail.com', 'FXgVXKDD5nlJ3m7lpYFQgg==', -1.00, NULL, NULL, 30, NULL, false);
INSERT INTO utilisateur (pseudonyme, actif, adresse, nom, prenom, site, tel, tel_bis, date_inscription, date_naissance, description, langue_pref, mail, mot_de_passe, moyenne_notes, sexe, xp_generale, lieu, photo, MAIL_AUTH) VALUES ('Xav10', NULL, NULL, 'Urbino', 'Xavier', 'http://', ' 514 934 4546', NULL, '2010-04-08 16:18:14.513', NULL, NULL, 'fr', 'kojiro.sazaki1@gmail.com', 'FXgVXKDD5nlJ3m7lpYFQgg==', -1.00, NULL, NULL, 05, NULL, false);
INSERT INTO utilisateur (pseudonyme, actif, adresse, nom, prenom, site, tel, tel_bis, date_inscription, date_naissance, description, langue_pref, mail, mot_de_passe, moyenne_notes, sexe, xp_generale, lieu, photo, MAIL_AUTH) VALUES ('millian', NULL, NULL, 'Kersaudy', 'Millian', 'http://', '0694384520', NULL, '2010-04-08 17:09:42.912', NULL, NULL, 'fr', 'kojiro.sazaki1@gmail.com', 'FXgVXKDD5nlJ3m7lpYFQgg==', -1.00, NULL, NULL, 36, NULL, false);
INSERT INTO utilisateur (pseudonyme, actif, adresse, nom, prenom, site, tel, tel_bis, date_inscription, date_naissance, description, langue_pref, mail, mot_de_passe, moyenne_notes, sexe, xp_generale, lieu, photo, MAIL_AUTH) VALUES ('PolarBear', NULL, 'Test', 'Delalez', 'Christian', 'http://', '0642481204', '', '2010-04-08 15:46:25.288', '1949-11-16', '', 'fr', 'kojiro.sazaki1@gmail.com', 'FXgVXKDD5nlJ3m7lpYFQgg==', -1.00, 'HOMME', 'NOVICE', 35, NULL, false);
INSERT INTO utilisateur (pseudonyme, actif, adresse, nom, prenom, site, tel, tel_bis, date_inscription, date_naissance, description, langue_pref, mail, mot_de_passe, moyenne_notes, sexe, xp_generale, lieu, photo, MAIL_AUTH) VALUES ('thomaspag', NULL, NULL, 'Pagliardini', 'Thomas', 'http://', '0673245432', NULL, '2010-04-08 00:35:51.605', NULL, NULL, 'fr', 'kojiro.sazaki1@gmail.com', 'FXgVXKDD5nlJ3m7lpYFQgg==', -1.00, NULL, NULL, 25, NULL, false);
INSERT INTO utilisateur (pseudonyme, actif, adresse, nom, prenom, site, tel, tel_bis, date_inscription, date_naissance, description, langue_pref, mail, mot_de_passe, moyenne_notes, sexe, xp_generale, lieu, photo, MAIL_AUTH) VALUES ('marine0683', NULL, NULL, 'Bonte', 'B', 'http://', '0493074532', NULL, '2010-04-08 22:22:37.023', NULL, NULL, 'fr', 'kojiro.sazaki1@gmail.com', 'FXgVXKDD5nlJ3m7lpYFQgg==', -1.00, NULL, NULL, 14, NULL, false);
INSERT INTO utilisateur (pseudonyme, actif, adresse, nom, prenom, site, tel, tel_bis, date_inscription, date_naissance, description, langue_pref, mail, mot_de_passe, moyenne_notes, sexe, xp_generale, lieu, photo, MAIL_AUTH) VALUES ('rose', NULL, NULL, 'Jandrain', 'Michele', 'http://', ' 06 80 00 67 12', NULL, '2010-04-08 14:32:10.536', NULL, NULL, 'fr', 'kojiro.sazaki1@gmail.com', 'FXgVXKDD5nlJ3m7lpYFQgg==', -1.00, NULL, NULL, 31, NULL, false);
INSERT INTO utilisateur (pseudonyme, actif, adresse, nom, prenom, site, tel, tel_bis, date_inscription, date_naissance, description, langue_pref, mail, mot_de_passe, moyenne_notes, sexe, xp_generale, lieu, photo, MAIL_AUTH) VALUES ('TRAVIS', NULL, NULL, 'ALAN', 'Lucian', 'http://', '0689998027', NULL, '2010-04-08 14:47:55.878', NULL, NULL, 'fr', 'kojiro.sazaki1@gmail.com', 'FXgVXKDD5nlJ3m7lpYFQgg==', -1.00, NULL, NULL, 34, NULL, false);
INSERT INTO utilisateur (pseudonyme, actif, adresse, nom, prenom, site, tel, tel_bis, date_inscription, date_naissance, description, langue_pref, mail, mot_de_passe, moyenne_notes, sexe, xp_generale, lieu, photo, MAIL_AUTH) VALUES ('Swashou', NULL, '', 'FLORES', 'VIRGINIE', 'http://', '0664042074', '', '2010-04-09 14:31:28.986', '1975-03-10', '', 'fr', 'kojiro.sazaki1@gmail.com', 'FXgVXKDD5nlJ3m7lpYFQgg==', -1.00, 'FEMME', 'NOVICE', 41, NULL, false);
INSERT INTO utilisateur (pseudonyme, actif, adresse, nom, prenom, site, tel, tel_bis, date_inscription, date_naissance, description, langue_pref, mail, mot_de_passe, moyenne_notes, sexe, xp_generale, lieu, photo, MAIL_AUTH) VALUES ('renaud', NULL, '', 'Leconte', 'Renaud', 'http://', '0687246947', '', '2010-04-09 11:20:43.405', '1985-04-28', 'Test', 'fr', 'kojiro.sazaki1@gmail.com', 'FXgVXKDD5nlJ3m7lpYFQgg==', -1.00, 'HOMME', 'INEXPERIMENTE', 38, NULL, false);
INSERT INTO utilisateur (pseudonyme, actif, adresse, nom, prenom, site, tel, tel_bis, date_inscription, date_naissance, description, langue_pref, mail, mot_de_passe, moyenne_notes, sexe, xp_generale, lieu, photo, MAIL_AUTH) VALUES ('Kojiro', NULL, 'Quartier saint roch, Avenue Marius Joly', 'Pereira', 'Gérald', 'http://www.bateaustop.fr', '0672119494', '', '2010-03-24 00:00:00', '1984-11-24', '', 'fr', 'kojiro.sazaki@gmail.com', 'FXgVXKDD5nlJ3m7lpYFQgg==', -1.00, 'HOMME', 'INEXPERIMENTE', 0, 4, false);
INSERT INTO utilisateur (pseudonyme, actif, adresse, nom, prenom, site, tel, tel_bis, date_inscription, date_naissance, description, langue_pref, mail, mot_de_passe, moyenne_notes, sexe, xp_generale, lieu, photo, MAIL_AUTH) VALUES ('patros', NULL, NULL, 'Lafaille', 'Patrice', 'http://', '0690397168', NULL, '2010-04-10 15:55:59.678', NULL, NULL, 'fr', 'patricelafaille@hotmail.fr', 'FXgVXKDD5nlJ3m7lpYFQgg==', -1.00, NULL, NULL, 43, NULL, false);
INSERT INTO utilisateur (pseudonyme, actif, adresse, nom, prenom, site, tel, tel_bis, date_inscription, date_naissance, description, langue_pref, mail, mot_de_passe, moyenne_notes, sexe, xp_generale, lieu, photo, MAIL_AUTH) VALUES ('lechienaztec', NULL, NULL, 'Le Chenadec', 'Serge', 'http://', '06181525212', NULL, '2010-04-10 13:11:17.681', NULL, NULL, 'fr', 'kojiro.sazaki1@gmail.com', 'FXgVXKDD5nlJ3m7lpYFQgg==', -1.00, NULL, NULL, 15, NULL, false);
INSERT INTO utilisateur (pseudonyme, actif, adresse, nom, prenom, site, tel, tel_bis, date_inscription, date_naissance, description, langue_pref, mail, mot_de_passe, moyenne_notes, sexe, xp_generale, lieu, photo, MAIL_AUTH) VALUES ('aviator2000', NULL, '', 'Clavel', 'Michel', 'http://', '0682263976', '', '2010-04-08 06:27:58.482', NULL, 'Test', 'fr', 'kojiro.sazaki1@gmail.com', 'FXgVXKDD5nlJ3m7lpYFQgg==', -1.00, NULL, NULL, 27, 05, false);
INSERT INTO utilisateur (pseudonyme, actif, adresse, nom, prenom, site, tel, tel_bis, date_inscription, date_naissance, description, langue_pref, mail, mot_de_passe, moyenne_notes, sexe, xp_generale, lieu, photo, MAIL_AUTH) VALUES ('Maxime', NULL, NULL, 'Herbland', 'Maxime', 'http://', '06 96 95 47 35', NULL, '2010-04-11 17:59:44.857', NULL, NULL, 'fr', 'kojiro.sazaki1@gmail.com', 'FXgVXKDD5nlJ3m7lpYFQgg==', -1.00, NULL, NULL, 45, NULL, false);
INSERT INTO utilisateur (pseudonyme, actif, adresse, nom, prenom, site, tel, tel_bis, date_inscription, date_naissance, description, langue_pref, mail, mot_de_passe, moyenne_notes, sexe, xp_generale, lieu, photo, MAIL_AUTH) VALUES ('CUQ', NULL, '', 'CUQUEMELLE', 'Grégoire', 'http://', '+33 612546582', '', '2010-04-12 19:33:20.623', '1973-05-09', '', 'fr', 'kojiro.sazaki1@gmail.com', 'FXgVXKDD5nlJ3m7lpYFQgg==', -1.00, 'HOMME', 'EXPERIMENTE', 48, NULL, false);
INSERT INTO utilisateur (pseudonyme, actif, adresse, nom, prenom, site, tel, tel_bis, date_inscription, date_naissance, description, langue_pref, mail, mot_de_passe, moyenne_notes, sexe, xp_generale, lieu, photo, MAIL_AUTH) VALUES ('michalbert', NULL, NULL, 'Joubert', 'Jacques', 'http://', '0622324698', NULL, '2010-04-13 12:39:01.56', NULL, NULL, 'fr', 'kojiro.sazaki1@gmail.com', 'FXgVXKDD5nlJ3m7lpYFQgg==', -1.00, NULL, NULL, 47, NULL, false);
INSERT INTO utilisateur (pseudonyme, actif, adresse, nom, prenom, site, tel, tel_bis, date_inscription, date_naissance, description, langue_pref, mail, mot_de_passe, moyenne_notes, sexe, xp_generale, lieu, photo, MAIL_AUTH) VALUES ('sundance', NULL, '', 'Mary', 'Michel', 'http://', '0145789678', '', '2010-04-07 06:05:23.845', NULL, '', 'fr', 'kojiro.sazaki1@gmail.com', 'FXgVXKDD5nlJ3m7lpYFQgg==', -1.00, NULL, 'EXPERIMENTE', 15, NULL, false);
INSERT INTO utilisateur (pseudonyme, actif, adresse, nom, prenom, site, tel, tel_bis, date_inscription, date_naissance, description, langue_pref, mail, mot_de_passe, moyenne_notes, sexe, xp_generale, lieu, photo, MAIL_AUTH) VALUES ('saturne', NULL, NULL, 'Perraudin', 'Michel', 'http://', '0472291413', NULL, '2010-04-14 07:49:12.03', NULL, NULL, 'fr', 'kojiro.sazaki1@gmail.com', 'FXgVXKDD5nlJ3m7lpYFQgg==', -1.00, NULL, NULL, 25, NULL, false);
INSERT INTO utilisateur (pseudonyme, actif, adresse, nom, prenom, site, tel, tel_bis, date_inscription, date_naissance, description, langue_pref, mail, mot_de_passe, moyenne_notes, sexe, xp_generale, lieu, photo, MAIL_AUTH) VALUES ('grosvilain', NULL, NULL, 'Kopp', 'Emmanuel', 'http://', '00000000', NULL, '2010-04-22 16:24:00.928', NULL, NULL, 'fr', 'kojiro.sazaki1@gmail.com', 'FXgVXKDD5nlJ3m7lpYFQgg==', -1.00, NULL, NULL, 68, NULL, false);
INSERT INTO utilisateur (pseudonyme, actif, adresse, nom, prenom, site, tel, tel_bis, date_inscription, date_naissance, description, langue_pref, mail, mot_de_passe, moyenne_notes, sexe, xp_generale, lieu, photo, MAIL_AUTH) VALUES ('ptitquick', NULL, NULL, 'Dupuy', 'Eric', 'http://', '0613428972', NULL, '2010-04-22 17:31:49.123', NULL, NULL, 'fr', 'kojiro.sazaki1@gmail.com', 'FXgVXKDD5nlJ3m7lpYFQgg==', -1.00, NULL, NULL, 15, NULL, false);
INSERT INTO utilisateur (pseudonyme, actif, adresse, nom, prenom, site, tel, tel_bis, date_inscription, date_naissance, description, langue_pref, mail, mot_de_passe, moyenne_notes, sexe, xp_generale, lieu, photo, MAIL_AUTH) VALUES ('rodger1', NULL, NULL, 'Bressand', 'Ludovic', 'http://', '0667321804', NULL, '2010-04-14 12:10:15.755', NULL, NULL, 'fr', 'kojiro.sazaki1@gmail.com', 'FXgVXKDD5nlJ3m7lpYFQgg==', -1.00, NULL, NULL, 52, NULL, false);
INSERT INTO utilisateur (pseudonyme, actif, adresse, nom, prenom, site, tel, tel_bis, date_inscription, date_naissance, description, langue_pref, mail, mot_de_passe, moyenne_notes, sexe, xp_generale, lieu, photo, MAIL_AUTH) VALUES ('freedom40', NULL, '', 'Richer', 'Dominique', 'http://www.croisieresfreedom.com', '06 07 41 74 28', '', '2010-04-14 17:44:27.404', NULL, '', 'fr', 'kojiro.sazaki1@gmail.com', 'FXgVXKDD5nlJ3m7lpYFQgg==', -1.00, 'HOMME', 'EXPERIMENTE', 53, 07, false);
INSERT INTO utilisateur (pseudonyme, actif, adresse, nom, prenom, site, tel, tel_bis, date_inscription, date_naissance, description, langue_pref, mail, mot_de_passe, moyenne_notes, sexe, xp_generale, lieu, photo, MAIL_AUTH) VALUES ('letienne', NULL, NULL, 'Lechat', 'Etienne', 'http://', '0603937407', NULL, '2010-04-14 23:56:47.738', NULL, NULL, 'fr', 'kojiro.sazaki1@gmail.com', 'FXgVXKDD5nlJ3m7lpYFQgg==', -1.00, NULL, NULL, 15, NULL, false);
INSERT INTO utilisateur (pseudonyme, actif, adresse, nom, prenom, site, tel, tel_bis, date_inscription, date_naissance, description, langue_pref, mail, mot_de_passe, moyenne_notes, sexe, xp_generale, lieu, photo, MAIL_AUTH) VALUES ('nans', 'cKkrVpiIBN', NULL, 'Petrequi', 'Nans', 'http://', '0681728464', NULL, '2010-04-15 11:34:51.735', NULL, NULL, 'fr', 'kojiro.sazaki1@gmail.com', 'FXgVXKDD5nlJ3m7lpYFQgg==', -1.00, NULL, NULL, 56, NULL, false);
INSERT INTO utilisateur (pseudonyme, actif, adresse, nom, prenom, site, tel, tel_bis, date_inscription, date_naissance, description, langue_pref, mail, mot_de_passe, moyenne_notes, sexe, xp_generale, lieu, photo, MAIL_AUTH) VALUES ('lolo', NULL, NULL, 'Ollivier', 'Lauranne', 'http://', '0680145395', NULL, '2010-04-15 16:15:05.292', NULL, NULL, 'fr', 'kojiro.sazaki1@gmail.com', 'FXgVXKDD5nlJ3m7lpYFQgg==', -1.00, NULL, NULL, 57, NULL, false);
INSERT INTO utilisateur (pseudonyme, actif, adresse, nom, prenom, site, tel, tel_bis, date_inscription, date_naissance, description, langue_pref, mail, mot_de_passe, moyenne_notes, sexe, xp_generale, lieu, photo, MAIL_AUTH) VALUES ('caledo', 'y3Y7f5PUDa', NULL, 'Marozeau', 'Raphael', 'http://', '752941', NULL, '2010-04-16 10:41:47.871', NULL, NULL, 'fr', 'kojiro.sazaki1@gmail.com', 'FXgVXKDD5nlJ3m7lpYFQgg==', -1.00, NULL, NULL, 60, NULL, false);
INSERT INTO utilisateur (pseudonyme, actif, adresse, nom, prenom, site, tel, tel_bis, date_inscription, date_naissance, description, langue_pref, mail, mot_de_passe, moyenne_notes, sexe, xp_generale, lieu, photo, MAIL_AUTH) VALUES ('tarkasailing', NULL, NULL, 'LEHEC', 'Olivier', 'http://', '0630473835', NULL, '2010-04-16 10:48:08.246', NULL, NULL, 'fr', 'kojiro.sazaki1@gmail.com', 'FXgVXKDD5nlJ3m7lpYFQgg==', -1.00, NULL, NULL, 15, NULL, false);
INSERT INTO utilisateur (pseudonyme, actif, adresse, nom, prenom, site, tel, tel_bis, date_inscription, date_naissance, description, langue_pref, mail, mot_de_passe, moyenne_notes, sexe, xp_generale, lieu, photo, MAIL_AUTH) VALUES ('alicjazz', NULL, '', 'Alicja', 'Rapsieiwicz', 'http://www.loswiaheros.pl', '+48504131397', '', '2010-04-23 08:49:41.871', '1979-03-20', '', 'en', 'kojiro.sazaki1@gmail.com', 'FXgVXKDD5nlJ3m7lpYFQgg==', -1.00, 'FEMME', 'INEXPERIMENTE', 71, NULL, false);
INSERT INTO utilisateur (pseudonyme, actif, adresse, nom, prenom, site, tel, tel_bis, date_inscription, date_naissance, description, langue_pref, mail, mot_de_passe, moyenne_notes, sexe, xp_generale, lieu, photo, MAIL_AUTH) VALUES ('awaywego', NULL, '', 'Lossel', 'Mathilde', 'http://', '0699106617', '', '2010-04-18 13:14:31.298', '1981-12-05', '', 'fr', 'kojiro.sazaki1@gmail.com', 'FXgVXKDD5nlJ3m7lpYFQgg==', -1.00, NULL, NULL, 15, NULL, false);
INSERT INTO utilisateur (pseudonyme, actif, adresse, nom, prenom, site, tel, tel_bis, date_inscription, date_naissance, description, langue_pref, mail, mot_de_passe, moyenne_notes, sexe, xp_generale, lieu, photo, MAIL_AUTH) VALUES ('florent13006', NULL, '', 'Vicaire', 'Florent', 'http://www.croisiere-med.com', '0681989113', '', '2010-04-14 09:17:37.749', '1976-02-26', 'Test', 'fr', 'kojiro.sazaki1@gmail.com', 'FXgVXKDD5nlJ3m7lpYFQgg==', -1.00, 'HOMME', 'EXPERIMENTE', 2, 6, false);
INSERT INTO utilisateur (pseudonyme, actif, adresse, nom, prenom, site, tel, tel_bis, date_inscription, date_naissance, description, langue_pref, mail, mot_de_passe, moyenne_notes, sexe, xp_generale, lieu, photo, MAIL_AUTH) VALUES ('fankt', NULL, NULL, 'Patalano', 'Antoine', 'http://', '0240248039', NULL, '2010-04-20 16:43:48.882', NULL, NULL, 'fr', 'kojiro.sazaki1@gmail.com', 'FXgVXKDD5nlJ3m7lpYFQgg==', -1.00, NULL, NULL, 61, NULL, false);
INSERT INTO utilisateur (pseudonyme, actif, adresse, nom, prenom, site, tel, tel_bis, date_inscription, date_naissance, description, langue_pref, mail, mot_de_passe, moyenne_notes, sexe, xp_generale, lieu, photo, MAIL_AUTH) VALUES ('kojtroll', NULL, NULL, 'Bourgeois', 'Julien', 'http://', '0609437633', NULL, '2010-04-21 12:37:53.721', NULL, NULL, 'fr', 'kojiro.sazaki1@gmail.com', 'FXgVXKDD5nlJ3m7lpYFQgg==', -1.00, NULL, NULL, 63, NULL, false);
INSERT INTO utilisateur (pseudonyme, actif, adresse, nom, prenom, site, tel, tel_bis, date_inscription, date_naissance, description, langue_pref, mail, mot_de_passe, moyenne_notes, sexe, xp_generale, lieu, photo, MAIL_AUTH) VALUES ('juana', NULL, NULL, 'Martin', 'Juliette', 'http://', '0685968547', NULL, '2010-04-24 11:20:54.938', NULL, NULL, 'fr', 'kojiro.sazaki1@gmail.com', 'FXgVXKDD5nlJ3m7lpYFQgg==', -1.00, NULL, NULL, 25, NULL, false);
INSERT INTO utilisateur (pseudonyme, actif, adresse, nom, prenom, site, tel, tel_bis, date_inscription, date_naissance, description, langue_pref, mail, mot_de_passe, moyenne_notes, sexe, xp_generale, lieu, photo, MAIL_AUTH) VALUES ('Flodeziles', NULL, '', 'Flo', 'Flo', 'http://', '0000000000', '', '2010-04-22 07:29:07.589', '1972-11-21', '', 'fr', 'kojiro.sazaki1@gmail.com', 'FXgVXKDD5nlJ3m7lpYFQgg==', -1.00, 'HOMME', 'PROFESSIONNEL', 65, NULL, true);
INSERT INTO utilisateur (pseudonyme, actif, adresse, nom, prenom, site, tel, tel_bis, date_inscription, date_naissance, description, langue_pref, mail, mot_de_passe, moyenne_notes, sexe, xp_generale, lieu, photo, MAIL_AUTH) VALUES ('TYTY', NULL, NULL, 'Montségur', 'Cyril', 'http://', '0671591309', NULL, '2010-04-22 15:20:42.565', NULL, NULL, 'fr', 'kojiro.sazaki1@gmail.com', 'FXgVXKDD5nlJ3m7lpYFQgg==', -1.00, NULL, NULL, 66, NULL, true);
INSERT INTO utilisateur (pseudonyme, actif, adresse, nom, prenom, site, tel, tel_bis, date_inscription, date_naissance, description, langue_pref, mail, mot_de_passe, moyenne_notes, sexe, xp_generale, lieu, photo, MAIL_AUTH) VALUES ('debdeb80', NULL, '', 'Schneider', 'Deborah', 'http://', '0041797820889', '', '2010-04-22 16:06:50.292', '1980-07-10', 'Test', 'fr', 'kojiro.sazaki1@gmail.com', 'FXgVXKDD5nlJ3m7lpYFQgg==', -1.00, 'FEMME', 'INEXPERIMENTE', 67, NULL, true);
INSERT INTO utilisateur (pseudonyme, actif, adresse, nom, prenom, site, tel, tel_bis, date_inscription, date_naissance, description, langue_pref, mail, mot_de_passe, moyenne_notes, sexe, xp_generale, lieu, photo, MAIL_AUTH) VALUES ('zentranquille', NULL, NULL, 'Gasca', 'Michel', 'http://', '0623212535', NULL, '2010-04-27 09:14:18.955', NULL, NULL, 'fr', 'kojiro.sazaki1@gmail.com', 'FXgVXKDD5nlJ3m7lpYFQgg==', -1.00, NULL, NULL, 72, NULL, true);
INSERT INTO utilisateur (pseudonyme, actif, adresse, nom, prenom, site, tel, tel_bis, date_inscription, date_naissance, description, langue_pref, mail, mot_de_passe, moyenne_notes, sexe, xp_generale, lieu, photo, MAIL_AUTH) VALUES ('alpha', NULL, NULL, 'Strauss', 'Antoine', 'http://', '0254710982', NULL, '2010-04-27 12:05:04.161', NULL, NULL, 'fr', 'kojiro.sazaki1@gmail.com', 'FXgVXKDD5nlJ3m7lpYFQgg==', -1.00, NULL, NULL, 73, NULL, true);
INSERT INTO utilisateur (pseudonyme, actif, adresse, nom, prenom, site, tel, tel_bis, date_inscription, date_naissance, description, langue_pref, mail, mot_de_passe, moyenne_notes, sexe, xp_generale, lieu, photo, MAIL_AUTH) VALUES ('cesarmour', NULL, NULL, 'Mourman', 'César', 'http://', '05464143220', NULL, '2010-04-29 17:32:01.713', NULL, NULL, 'fr', 'kojiro.sazaki1@gmail.com', 'FXgVXKDD5nlJ3m7lpYFQgg==', -1.00, NULL, NULL,47, NULL, true);
INSERT INTO utilisateur (pseudonyme, actif, adresse, nom, prenom, site, tel, tel_bis, date_inscription, date_naissance, description, langue_pref, mail, mot_de_passe, moyenne_notes, sexe, xp_generale, lieu, photo, MAIL_AUTH) VALUES ('aude', NULL, '', 'Marissal', 'Aude', 'http://', '0678867104', '', '2010-04-27 17:13:58.463', '1987-07-12', 'Test', 'fr', 'kojiro.sazaki1@gmail.com', 'FXgVXKDD5nlJ3m7lpYFQgg==', -1.00, 'FEMME', 'INEXPERIMENTE', 74, NULL, true);
INSERT INTO utilisateur (pseudonyme, actif, adresse, nom, prenom, site, tel, tel_bis, date_inscription, date_naissance, description, langue_pref, mail, mot_de_passe, moyenne_notes, sexe, xp_generale, lieu, photo, MAIL_AUTH) VALUES ('Tsahai', NULL, NULL, 'Lamarche', 'Tammy', 'http://', '0590801997', NULL, '2010-04-30 17:09:04.682', NULL, NULL, 'fr', 'kojiro.sazaki1@gmail.com', 'FXgVXKDD5nlJ3m7lpYFQgg==', -1.00, NULL, NULL, 78, NULL, true);
INSERT INTO utilisateur (pseudonyme, actif, adresse, nom, prenom, site, tel, tel_bis, date_inscription, date_naissance, description, langue_pref, mail, mot_de_passe, moyenne_notes, sexe, xp_generale, lieu, photo, MAIL_AUTH) VALUES ('nelson', NULL, '', 'DELTIL', 'Didier', 'http://', '0160601488', '', '2010-04-28 10:29:48.958', '1957-02-06', '', 'fr', 'kojiro.sazaki1@gmail.com', 'FXgVXKDD5nlJ3m7lpYFQgg==', -1.00, NULL, 'NOVICE', 75, NULL, true);
INSERT INTO utilisateur (pseudonyme, actif, adresse, nom, prenom, site, tel, tel_bis, date_inscription, date_naissance, description, langue_pref, mail, mot_de_passe, moyenne_notes, sexe, xp_generale, lieu, photo, MAIL_AUTH) VALUES ('felix', NULL, NULL, 'Montot', 'Jean luc', 'http://', '0684439674', NULL, '2010-04-29 08:46:56.847', NULL, NULL, 'fr', 'kojiro.sazaki1@gmail.com', 'FXgVXKDD5nlJ3m7lpYFQgg==', -1.00, NULL, NULL, 76, NULL, true);
INSERT INTO utilisateur (pseudonyme, actif, adresse, nom, prenom, site, tel, tel_bis, date_inscription, date_naissance, description, langue_pref, mail, mot_de_passe, moyenne_notes, sexe, xp_generale, lieu, photo, MAIL_AUTH) VALUES ('ARPA', NULL, NULL, 'Lambert', 'Gerard', 'http://', '0030 6987209381', NULL, '2010-05-01 16:33:33.965', NULL, NULL, 'fr', 'kojiro.sazaki1@gmail.com', 'FXgVXKDD5nlJ3m7lpYFQgg==', -1.00, NULL, NULL, 81, NULL, true);
INSERT INTO utilisateur (pseudonyme, actif, adresse, nom, prenom, site, tel, tel_bis, date_inscription, date_naissance, description, langue_pref, mail, mot_de_passe, moyenne_notes, sexe, xp_generale, lieu, photo, MAIL_AUTH) VALUES ('piment', 'B9P9PP1qlv', NULL, 'Boudat', 'Mathieu', 'http://', '0661713615', NULL, '2010-05-02 03:20:21.731', NULL, NULL, 'fr', 'kojiro.sazaki1@gmail.com', 'FXgVXKDD5nlJ3m7lpYFQgg==', -1.00, NULL, NULL, 2, NULL, true);
INSERT INTO utilisateur (pseudonyme, actif, adresse, nom, prenom, site, tel, tel_bis, date_inscription, date_naissance, description, langue_pref, mail, mot_de_passe, moyenne_notes, sexe, xp_generale, lieu, photo, MAIL_AUTH) VALUES ('skyper77', NULL, NULL, 'ALIX', 'Jérome', 'http://', '0033628561842', NULL, '2010-05-02 11:02:44.261', NULL, NULL, 'fr', 'kojiro.sazaki1@gmail.com', 'FXgVXKDD5nlJ3m7lpYFQgg==', -1.00, NULL, NULL, 15, NULL, true);
INSERT INTO utilisateur (pseudonyme, actif, adresse, nom, prenom, site, tel, tel_bis, date_inscription, date_naissance, description, langue_pref, mail, mot_de_passe, moyenne_notes, sexe, xp_generale, lieu, photo, MAIL_AUTH) VALUES ('supertrampp', 'UXGqurhYK7', NULL, 'Arcaini', 'Philippe', 'http://', '1450 813 3076', NULL, '2010-05-02 18:17:23.608', NULL, NULL, 'fr', 'kojiro.sazaki1@gmail.com', 'FXgVXKDD5nlJ3m7lpYFQgg==', -1.00, NULL, NULL, 84, NULL, true);
INSERT INTO utilisateur (pseudonyme, actif, adresse, nom, prenom, site, tel, tel_bis, date_inscription, date_naissance, description, langue_pref, mail, mot_de_passe, moyenne_notes, sexe, xp_generale, lieu, photo, MAIL_AUTH) VALUES ('emile1646', NULL, NULL, 'BERTIER', 'Emile', 'http://', '0671884906', NULL, '2010-05-03 14:37:16.685', NULL, NULL, 'fr', 'kojiro.sazaki1@gmail.com', 'FXgVXKDD5nlJ3m7lpYFQgg==', -1.00, NULL, NULL, 85, NULL, true);
INSERT INTO utilisateur (pseudonyme, actif, adresse, nom, prenom, site, tel, tel_bis, date_inscription, date_naissance, description, langue_pref, mail, mot_de_passe, moyenne_notes, sexe, xp_generale, lieu, photo, MAIL_AUTH) VALUES ('thieum', NULL, NULL, 'Douard', 'Matthieu', 'http://', '0688956002', NULL, '2010-05-04 11:14:41.156', NULL, NULL, 'fr', 'kojiro.sazaki1@gmail.com', 'FXgVXKDD5nlJ3m7lpYFQgg==', -1.00, NULL, NULL, 86, NULL, true);
INSERT INTO utilisateur (pseudonyme, actif, adresse, nom, prenom, site, tel, tel_bis, date_inscription, date_naissance, description, langue_pref, mail, mot_de_passe, moyenne_notes, sexe, xp_generale, lieu, photo, MAIL_AUTH) VALUES ('Bosco', NULL, 'Boulouris sur Mer', 'GRILHERES', 'Nicolas', 'http://', '0614790603', '', '2010-05-04 19:39:42.614', '1961-06-23', 'Test', 'fr', 'kojiro.sazaki1@gmail.com', 'FXgVXKDD5nlJ3m7lpYFQgg==', -1.00, 'HOMME', 'CONFIRME', 87, 8, true);
INSERT INTO utilisateur (pseudonyme, actif, adresse, nom, prenom, site, tel, tel_bis, date_inscription, date_naissance, description, langue_pref, mail, mot_de_passe, moyenne_notes, sexe, xp_generale, lieu, photo, MAIL_AUTH) VALUES ('jubile', NULL, NULL, 'Daunay', 'Lucille', 'http://', '0671667725', NULL, '2010-05-07 21:49:16.576', NULL, NULL, 'fr', 'kojiro.sazaki1@gmail.com', 'FXgVXKDD5nlJ3m7lpYFQgg==', -1.00, NULL, NULL,15, NULL, true);
INSERT INTO utilisateur (pseudonyme, actif, adresse, nom, prenom, site, tel, tel_bis, date_inscription, date_naissance, description, langue_pref, mail, mot_de_passe, moyenne_notes, sexe, xp_generale, lieu, photo, MAIL_AUTH) VALUES ('Akemi', NULL, 'Test', 'DELTIL', 'Emilie', 'http://', '0674818329', '', '2010-03-19 00:00:00', '1984-12-02', '', 'fr', 'edeltil@gmail.com', 'FXgVXKDD5nlJ3m7lpYFQgg==', -1.00, 'FEMME', 'NOVICE', 0, 2, true);

INSERT INTO comp_utilisateur (competence, utilisateur, niveau) VALUES (13, 'Akemi', 1);
INSERT INTO comp_utilisateur (competence, utilisateur, niveau) VALUES (2, 'Akemi', 1);
INSERT INTO comp_utilisateur (competence, utilisateur, niveau) VALUES (11, 'Akemi', 3);
INSERT INTO comp_utilisateur (competence, utilisateur, niveau) VALUES (5, 'Akemi', 1);
INSERT INTO comp_utilisateur (competence, utilisateur, niveau) VALUES (10, 'Akemi', 3);
INSERT INTO comp_utilisateur (competence, utilisateur, niveau) VALUES (9, 'Gantoo', 2);
INSERT INTO comp_utilisateur (competence, utilisateur, niveau) VALUES (11, 'Gantoo', 1);
INSERT INTO comp_utilisateur (competence, utilisateur, niveau) VALUES (10, 'Gantoo', 3);
INSERT INTO comp_utilisateur (competence, utilisateur, niveau) VALUES (8, 'Gantoo', 1);
INSERT INTO comp_utilisateur (competence, utilisateur, niveau) VALUES (6, 'Gantoo', 1);
INSERT INTO comp_utilisateur (competence, utilisateur, niveau) VALUES (7, 'Gantoo', 3);
INSERT INTO comp_utilisateur (competence, utilisateur, niveau) VALUES (1, 'Gantoo', 2);
INSERT INTO comp_utilisateur (competence, utilisateur, niveau) VALUES (13, 'Gantoo', 1);
INSERT INTO comp_utilisateur (competence, utilisateur, niveau) VALUES (3, 'Gantoo', 1);
INSERT INTO comp_utilisateur (competence, utilisateur, niveau) VALUES (5, 'Gantoo', 1);
INSERT INTO comp_utilisateur (competence, utilisateur, niveau) VALUES (4, 'Gantoo', 1);
INSERT INTO comp_utilisateur (competence, utilisateur, niveau) VALUES (1, 'Kojiro', 3);
INSERT INTO comp_utilisateur (competence, utilisateur, niveau) VALUES (5, 'Kojiro', 5);
INSERT INTO comp_utilisateur (competence, utilisateur, niveau) VALUES (3, 'Kojiro', 1);
INSERT INTO comp_utilisateur (competence, utilisateur, niveau) VALUES (4, 'Kojiro', 2);
INSERT INTO comp_utilisateur (competence, utilisateur, niveau) VALUES (2, 'Kojiro', 4);
INSERT INTO comp_utilisateur (competence, utilisateur, niveau) VALUES (10, 'xavdarb', 1);
INSERT INTO comp_utilisateur (competence, utilisateur, niveau) VALUES (11, 'xavdarb', 3);
INSERT INTO comp_utilisateur (competence, utilisateur, niveau) VALUES (3, 'xavdarb', 3);
INSERT INTO comp_utilisateur (competence, utilisateur, niveau) VALUES (2, 'xavdarb', 3);
INSERT INTO comp_utilisateur (competence, utilisateur, niveau) VALUES (13, 'xavdarb', 1);
INSERT INTO comp_utilisateur (competence, utilisateur, niveau) VALUES (1, 'xavdarb', 4);
INSERT INTO comp_utilisateur (competence, utilisateur, niveau) VALUES (6, 'xavdarb', 1);
INSERT INTO comp_utilisateur (competence, utilisateur, niveau) VALUES (9, 'xavdarb', 3);
INSERT INTO comp_utilisateur (competence, utilisateur, niveau) VALUES (4, 'xavdarb', 4);
INSERT INTO comp_utilisateur (competence, utilisateur, niveau) VALUES (8, 'xavdarb', 3);
INSERT INTO comp_utilisateur (competence, utilisateur, niveau) VALUES (5, 'xavdarb', 2);
INSERT INTO comp_utilisateur (competence, utilisateur, niveau) VALUES (7, 'xavdarb', 4);
INSERT INTO comp_utilisateur (competence, utilisateur, niveau) VALUES (3, 'sundance', 4);
INSERT INTO comp_utilisateur (competence, utilisateur, niveau) VALUES (4, 'sundance', 3);
INSERT INTO comp_utilisateur (competence, utilisateur, niveau) VALUES (1, 'grandcormaran', 1);
INSERT INTO comp_utilisateur (competence, utilisateur, niveau) VALUES (7, 'grandcormaran', 1);
INSERT INTO comp_utilisateur (competence, utilisateur, niveau) VALUES (2, 'grandcormaran', 1);
INSERT INTO comp_utilisateur (competence, utilisateur, niveau) VALUES (5, 'grandcormaran', 1);
INSERT INTO comp_utilisateur (competence, utilisateur, niveau) VALUES (4, 'grandcormaran', 1);
INSERT INTO comp_utilisateur (competence, utilisateur, niveau) VALUES (3, 'grandcormaran', 1);
INSERT INTO comp_utilisateur (competence, utilisateur, niveau) VALUES (10, 'grandcormaran', 2);
INSERT INTO comp_utilisateur (competence, utilisateur, niveau) VALUES (8, 'grandcormaran', 3);
INSERT INTO comp_utilisateur (competence, utilisateur, niveau) VALUES (9, 'grandcormaran', 2);
INSERT INTO comp_utilisateur (competence, utilisateur, niveau) VALUES (10, 'renaud', 2);
INSERT INTO comp_utilisateur (competence, utilisateur, niveau) VALUES (11, 'renaud', 3);
INSERT INTO comp_utilisateur (competence, utilisateur, niveau) VALUES (12, 'renaud', 2);
INSERT INTO comp_utilisateur (competence, utilisateur, niveau) VALUES (6, 'renaud', 3);
INSERT INTO comp_utilisateur (competence, utilisateur, niveau) VALUES (13, 'renaud', 1);
INSERT INTO comp_utilisateur (competence, utilisateur, niveau) VALUES (7, 'renaud', 3);
INSERT INTO comp_utilisateur (competence, utilisateur, niveau) VALUES (12, 'Swashou', 2);
INSERT INTO comp_utilisateur (competence, utilisateur, niveau) VALUES (10, 'Swashou', 2);
INSERT INTO comp_utilisateur (competence, utilisateur, niveau) VALUES (13, 'Swashou', 2);
INSERT INTO comp_utilisateur (competence, utilisateur, niveau) VALUES (11, 'Swashou', 4);
INSERT INTO comp_utilisateur (competence, utilisateur, niveau) VALUES (6, 'Swashou', 4);
INSERT INTO comp_utilisateur (competence, utilisateur, niveau) VALUES (7, 'Swashou', 5);
INSERT INTO comp_utilisateur (competence, utilisateur, niveau) VALUES (10, 'CUQ', 2);
INSERT INTO comp_utilisateur (competence, utilisateur, niveau) VALUES (11, 'CUQ', 4);
INSERT INTO comp_utilisateur (competence, utilisateur, niveau) VALUES (1, 'CUQ', 4);
INSERT INTO comp_utilisateur (competence, utilisateur, niveau) VALUES (13, 'CUQ', 2);
INSERT INTO comp_utilisateur (competence, utilisateur, niveau) VALUES (12, 'CUQ', 3);
INSERT INTO comp_utilisateur (competence, utilisateur, niveau) VALUES (8, 'CUQ', 3);
INSERT INTO comp_utilisateur (competence, utilisateur, niveau) VALUES (7, 'CUQ', 4);
INSERT INTO comp_utilisateur (competence, utilisateur, niveau) VALUES (6, 'CUQ', 3);
INSERT INTO comp_utilisateur (competence, utilisateur, niveau) VALUES (5, 'CUQ', 4);
INSERT INTO comp_utilisateur (competence, utilisateur, niveau) VALUES (2, 'CUQ', 5);
INSERT INTO comp_utilisateur (competence, utilisateur, niveau) VALUES (3, 'CUQ', 2);
INSERT INTO comp_utilisateur (competence, utilisateur, niveau) VALUES (4, 'CUQ', 4);
INSERT INTO comp_utilisateur (competence, utilisateur, niveau) VALUES (9, 'CUQ', 4);
INSERT INTO comp_utilisateur (competence, utilisateur, niveau) VALUES (6, 'florent13006', 4);
INSERT INTO comp_utilisateur (competence, utilisateur, niveau) VALUES (5, 'florent13006', 3);
INSERT INTO comp_utilisateur (competence, utilisateur, niveau) VALUES (2, 'florent13006', 4);
INSERT INTO comp_utilisateur (competence, utilisateur, niveau) VALUES (4, 'florent13006', 4);
INSERT INTO comp_utilisateur (competence, utilisateur, niveau) VALUES (1, 'florent13006', 4);
INSERT INTO comp_utilisateur (competence, utilisateur, niveau) VALUES (3, 'florent13006', 4);
INSERT INTO comp_utilisateur (competence, utilisateur, niveau) VALUES (8, 'florent13006', 4);
INSERT INTO comp_utilisateur (competence, utilisateur, niveau) VALUES (7, 'florent13006', 3);
INSERT INTO comp_utilisateur (competence, utilisateur, niveau) VALUES (9, 'florent13006', 4);
INSERT INTO comp_utilisateur (competence, utilisateur, niveau) VALUES (11, 'florent13006', 4);
INSERT INTO comp_utilisateur (competence, utilisateur, niveau) VALUES (10, 'florent13006', 3);
INSERT INTO comp_utilisateur (competence, utilisateur, niveau) VALUES (1, 'freedom40', 3);
INSERT INTO comp_utilisateur (competence, utilisateur, niveau) VALUES (3, 'freedom40', 4);
INSERT INTO comp_utilisateur (competence, utilisateur, niveau) VALUES (2, 'freedom40', 4);
INSERT INTO comp_utilisateur (competence, utilisateur, niveau) VALUES (9, 'freedom40', 5);
INSERT INTO comp_utilisateur (competence, utilisateur, niveau) VALUES (8, 'freedom40', 4);
INSERT INTO comp_utilisateur (competence, utilisateur, niveau) VALUES (10, 'freedom40', 3);
INSERT INTO comp_utilisateur (competence, utilisateur, niveau) VALUES (13, 'freedom40', 2);
INSERT INTO comp_utilisateur (competence, utilisateur, niveau) VALUES (11, 'freedom40', 3);
INSERT INTO comp_utilisateur (competence, utilisateur, niveau) VALUES (12, 'freedom40', 1);
INSERT INTO comp_utilisateur (competence, utilisateur, niveau) VALUES (7, 'freedom40', 3);
INSERT INTO comp_utilisateur (competence, utilisateur, niveau) VALUES (6, 'freedom40', 3);
INSERT INTO comp_utilisateur (competence, utilisateur, niveau) VALUES (4, 'freedom40', 5);
INSERT INTO comp_utilisateur (competence, utilisateur, niveau) VALUES (5, 'freedom40', 5);
INSERT INTO comp_utilisateur (competence, utilisateur, niveau) VALUES (2, 'awaywego', 2);
INSERT INTO comp_utilisateur (competence, utilisateur, niveau) VALUES (3, 'awaywego', 1);
INSERT INTO comp_utilisateur (competence, utilisateur, niveau) VALUES (6, 'awaywego', 4);
INSERT INTO comp_utilisateur (competence, utilisateur, niveau) VALUES (4, 'awaywego', 2);
INSERT INTO comp_utilisateur (competence, utilisateur, niveau) VALUES (6, 'alicjazz', 4);
INSERT INTO comp_utilisateur (competence, utilisateur, niveau) VALUES (7, 'alicjazz', 5);
INSERT INTO comp_utilisateur (competence, utilisateur, niveau) VALUES (11, 'alicjazz', 3);
INSERT INTO comp_utilisateur (competence, utilisateur, niveau) VALUES (11, 'aude', 1);
INSERT INTO comp_utilisateur (competence, utilisateur, niveau) VALUES (10, 'aude', 2);
INSERT INTO comp_utilisateur (competence, utilisateur, niveau) VALUES (6, 'aude', 3);
INSERT INTO comp_utilisateur (competence, utilisateur, niveau) VALUES (7, 'aude', 5);
INSERT INTO comp_utilisateur (competence, utilisateur, niveau) VALUES (9, 'Bosco', 1);
INSERT INTO comp_utilisateur (competence, utilisateur, niveau) VALUES (6, 'Bosco', 1);
INSERT INTO comp_utilisateur (competence, utilisateur, niveau) VALUES (7, 'Bosco', 1);
INSERT INTO comp_utilisateur (competence, utilisateur, niveau) VALUES (2, 'Bosco', 1);
INSERT INTO comp_utilisateur (competence, utilisateur, niveau) VALUES (1, 'Bosco', 1);
INSERT INTO comp_utilisateur (competence, utilisateur, niveau) VALUES (10, 'Bosco', 1);
INSERT INTO comp_utilisateur (competence, utilisateur, niveau) VALUES (4, 'Bosco', 1);
INSERT INTO comp_utilisateur (competence, utilisateur, niveau) VALUES (5, 'Bosco', 1);

INSERT INTO langue_utilisateur (langue, utilisateur, niveau) VALUES (27, 'Akemi', 5);
INSERT INTO langue_utilisateur (langue, utilisateur, niveau) VALUES (2, 'Akemi', 3);
INSERT INTO langue_utilisateur (langue, utilisateur, niveau) VALUES (27, 'Kojiro', 5);
INSERT INTO langue_utilisateur (langue, utilisateur, niveau) VALUES (2, 'Kojiro', 4);
INSERT INTO langue_utilisateur (langue, utilisateur, niveau) VALUES (12, 'Kojiro', 1);
INSERT INTO langue_utilisateur (langue, utilisateur, niveau) VALUES (27, 'Ada', 5);
INSERT INTO langue_utilisateur (langue, utilisateur, niveau) VALUES (2, 'Ada', 5);
INSERT INTO langue_utilisateur (langue, utilisateur, niveau) VALUES (2, 'xavdarb', 3);
INSERT INTO langue_utilisateur (langue, utilisateur, niveau) VALUES (27, 'Gantoo', 5);
INSERT INTO langue_utilisateur (langue, utilisateur, niveau) VALUES (4, 'Gantoo', 1);
INSERT INTO langue_utilisateur (langue, utilisateur, niveau) VALUES (2, 'Gantoo', 3);
INSERT INTO langue_utilisateur (langue, utilisateur, niveau) VALUES (27, 'PolarBear', 5);
INSERT INTO langue_utilisateur (langue, utilisateur, niveau) VALUES (2, 'PolarBear', 5);
INSERT INTO langue_utilisateur (langue, utilisateur, niveau) VALUES (201, 'PolarBear', 5);
INSERT INTO langue_utilisateur (langue, utilisateur, niveau) VALUES (12, 'PolarBear', 4);
INSERT INTO langue_utilisateur (langue, utilisateur, niveau) VALUES (105, 'PolarBear', 4);
INSERT INTO langue_utilisateur (langue, utilisateur, niveau) VALUES (5, 'PolarBear', 3);
INSERT INTO langue_utilisateur (langue, utilisateur, niveau) VALUES (156, 'PolarBear', 2);
INSERT INTO langue_utilisateur (langue, utilisateur, niveau) VALUES (27, 'Swashou', 5);
INSERT INTO langue_utilisateur (langue, utilisateur, niveau) VALUES (12, 'Swashou', 4);
INSERT INTO langue_utilisateur (langue, utilisateur, niveau) VALUES (2, 'Swashou', 4);
INSERT INTO langue_utilisateur (langue, utilisateur, niveau) VALUES (5, 'Swashou', 3);
INSERT INTO langue_utilisateur (langue, utilisateur, niveau) VALUES (105, 'Swashou', 2);
INSERT INTO langue_utilisateur (langue, utilisateur, niveau) VALUES (27, 'CUQ', 5);
INSERT INTO langue_utilisateur (langue, utilisateur, niveau) VALUES (2, 'CUQ', 4);
INSERT INTO langue_utilisateur (langue, utilisateur, niveau) VALUES (12, 'CUQ', 4);
INSERT INTO langue_utilisateur (langue, utilisateur, niveau) VALUES (27, 'Damien', 5);
INSERT INTO langue_utilisateur (langue, utilisateur, niveau) VALUES (2, 'Damien', 4);
INSERT INTO langue_utilisateur (langue, utilisateur, niveau) VALUES (12, 'Damien', 3);
INSERT INTO langue_utilisateur (langue, utilisateur, niveau) VALUES (27, 'florent13006', 5);
INSERT INTO langue_utilisateur (langue, utilisateur, niveau) VALUES (2, 'florent13006', 3);
INSERT INTO langue_utilisateur (langue, utilisateur, niveau) VALUES (27, 'awaywego', 5);
INSERT INTO langue_utilisateur (langue, utilisateur, niveau) VALUES (12, 'awaywego', 5);
INSERT INTO langue_utilisateur (langue, utilisateur, niveau) VALUES (2, 'awaywego', 4);
INSERT INTO langue_utilisateur (langue, utilisateur, niveau) VALUES (7, 'awaywego', 2);
INSERT INTO langue_utilisateur (langue, utilisateur, niveau) VALUES (27, 'debdeb80', 5);
INSERT INTO langue_utilisateur (langue, utilisateur, niveau) VALUES (2, 'debdeb80', 4);
INSERT INTO langue_utilisateur (langue, utilisateur, niveau) VALUES (5, 'debdeb80', 2);
INSERT INTO langue_utilisateur (langue, utilisateur, niveau) VALUES (12, 'debdeb80', 1);
INSERT INTO langue_utilisateur (langue, utilisateur, niveau) VALUES (170, 'alicjazz', 5);
INSERT INTO langue_utilisateur (langue, utilisateur, niveau) VALUES (27, 'alicjazz', 4);
INSERT INTO langue_utilisateur (langue, utilisateur, niveau) VALUES (2, 'alicjazz', 4);
INSERT INTO langue_utilisateur (langue, utilisateur, niveau) VALUES (12, 'alicjazz', 1);
INSERT INTO langue_utilisateur (langue, utilisateur, niveau) VALUES (27, 'aude', 5);
INSERT INTO langue_utilisateur (langue, utilisateur, niveau) VALUES (12, 'aude', 4);
INSERT INTO langue_utilisateur (langue, utilisateur, niveau) VALUES (2, 'aude', 3);
INSERT INTO langue_utilisateur (langue, utilisateur, niveau) VALUES (105, 'aude', 2);
INSERT INTO langue_utilisateur (langue, utilisateur, niveau) VALUES (47, 'aude', 1);
INSERT INTO langue_utilisateur (langue, utilisateur, niveau) VALUES (27, 'Bosco', 5);

INSERT INTO xp (id_xp, description, duree, titre, type_coque, type_duree, poste_occupe, type_xp, utilisateur) VALUES (1, 'Traversée de l''atlantique du Cap Vert au Brésil avec 4 personnes', 1, 'Traversée Atlantique (Cap Vert - Salvador de Bahia (Brésil)', 'CATAMARAN', 'JOUR', 'EQUIPIER', 'CROISIERE', 'Akemi');
INSERT INTO xp (id_xp, description, duree, titre, type_coque, type_duree, poste_occupe, type_xp, utilisateur) VALUES (2, 'Location d''un Hobby Cat à plusieurs reprises à Banyuls sur Mer', 1, 'Location Hobby Cat', 'CATAMARAN', 'JOUR', 'EQUIPIER', 'AUTRE', 'Akemi');
INSERT INTO xp (id_xp, description, duree, titre, type_coque, type_duree, poste_occupe, type_xp, utilisateur) VALUES (3, 'Test', 18, 'Transatlantique', 'CATAMARAN', 'JOUR', 'EQUIPIER', 'CROISIERE', 'Gantoo');
INSERT INTO xp (id_xp, description, duree, titre, type_coque, type_duree, poste_occupe, type_xp, utilisateur) VALUES (5, 'manoevre sous spi, manoeuvre de port a la voile et moteur, hlm, dans les iles de bréhat cote d''armor', 7, 'Formation manoeuvre P', 'MONOCOQUE', 'JOUR', 'EQUIPIER', 'QUALIFICATION', 'xavdarb');
INSERT INTO xp (id_xp, description, duree, titre, type_coque, type_duree, poste_occupe, type_xp, utilisateur) VALUES (6, 'premiére notion en voilier dans l''estuaire de la gironde avec l''ucpa nav de nuit carto navigation réglages etc', 12, 'Formation base', 'MONOCOQUE', 'JOUR', 'EQUIPIER', 'CROISIERE', 'xavdarb');
INSERT INTO xp (id_xp, description, duree, titre, type_coque, type_duree, poste_occupe, type_xp, utilisateur) VALUES (7, 'formation; navigation estuaire de la gironde et ces alentours netement plus pousser', 15, 'Formation', 'MONOCOQUE', 'JOUR', 'EQUIPIER', 'CROISIERE', 'xavdarb');
INSERT INTO xp (id_xp, description, duree, titre, type_coque, type_duree, poste_occupe, type_xp, utilisateur) VALUES (9, 'encadrement en open 5.7 et en surprise, principalement sur les réglage et les différente manoeuvre', 3, 'Encadrement glénan', 'MONOCOQUE', 'SEMAINE', 'SKIPPER', 'AUTRE', 'xavdarb');
INSERT INTO xp (id_xp, description, duree, titre, type_coque, type_duree, poste_occupe, type_xp, utilisateur) VALUES (4, 'voila j''ai mon BP voile monovalent, plutot spécialiser voile légére, depuis peut je m''oriente vers l''habitable j''ai encadrer pour les glénans j''ai fait des formation aux glénans et la plus par de ma formation a l''ucpa.', 7, 'Chef de bord', 'MONOCOQUE', 'JOUR', 'SKIPPER', 'CROISIERE', 'xavdarb');
INSERT INTO xp (id_xp, description, duree, titre, type_coque, type_duree, poste_occupe, type_xp, utilisateur) VALUES (8, 'je travaille depuis trois été a port leucate a coté de perpignan, avec mon bp voile. principalement en planche ', 3, 'Moniteur cata ,planche', 'AUTRE', 'MOIS', 'EQUIPIER', 'AUTRE', 'xavdarb');
INSERT INTO xp (id_xp, description, duree, titre, type_coque, type_duree, poste_occupe, type_xp, utilisateur) VALUES (10, 'Test', 0, 'Plaisance', 'MONOCOQUE', 'JOUR', 'SKIPPER', 'CROISIERE', 'freedom40');

INSERT INTO role_utilisateur (utilisateur, role) VALUES ('Akemi', 2);
INSERT INTO role_utilisateur (utilisateur, role) VALUES ('Kojiro', 2);

INSERT INTO equip_general (id_equip_general, annexe, autres, contenance_eau, contenance_gazoil, nb_cabines, nb_douches, nb_moteurs, nb_wc, puissance) VALUES (1, NULL, NULL, NULL, NULL, NULL, NULL, NULL, NULL, NULL);
INSERT INTO equip_general (id_equip_general, annexe, autres, contenance_eau, contenance_gazoil, nb_cabines, nb_douches, nb_moteurs, nb_wc, puissance) VALUES (2, NULL, NULL, NULL, NULL, NULL, NULL, NULL, NULL, NULL);
INSERT INTO equip_general (id_equip_general, annexe, autres, contenance_eau, contenance_gazoil, nb_cabines, nb_douches, nb_moteurs, nb_wc, puissance) VALUES (3, false, '', NULL, NULL, NULL, NULL, NULL, NULL, NULL);
INSERT INTO equip_general (id_equip_general, annexe, autres, contenance_eau, contenance_gazoil, nb_cabines, nb_douches, nb_moteurs, nb_wc, puissance) VALUES (4, NULL, NULL, NULL, NULL, NULL, NULL, NULL, NULL, NULL);
INSERT INTO equip_general (id_equip_general, annexe, autres, contenance_eau, contenance_gazoil, nb_cabines, nb_douches, nb_moteurs, nb_wc, puissance) VALUES (5, false, '', NULL, NULL, NULL, NULL, NULL, NULL, NULL);
INSERT INTO equip_general (id_equip_general, annexe, autres, contenance_eau, contenance_gazoil, nb_cabines, nb_douches, nb_moteurs, nb_wc, puissance) VALUES (6, false, '', NULL, NULL, NULL, NULL, NULL, NULL, NULL);
INSERT INTO equip_general (id_equip_general, annexe, autres, contenance_eau, contenance_gazoil, nb_cabines, nb_douches, nb_moteurs, nb_wc, puissance) VALUES (7, false, '', NULL, NULL, NULL, NULL, NULL, NULL, NULL);
INSERT INTO equip_general (id_equip_general, annexe, autres, contenance_eau, contenance_gazoil, nb_cabines, nb_douches, nb_moteurs, nb_wc, puissance) VALUES (10, false, '', 8780, 1000, 9, 1, 1, 1, 90);
INSERT INTO equip_general (id_equip_general, annexe, autres, contenance_eau, contenance_gazoil, nb_cabines, nb_douches, nb_moteurs, nb_wc, puissance) VALUES (11, true, '', 350, 150, 3, 1, 1, 1, 27);
INSERT INTO equip_general (id_equip_general, annexe, autres, contenance_eau, contenance_gazoil, nb_cabines, nb_douches, nb_moteurs, nb_wc, puissance) VALUES (12, true, 'Test', 325, 175, 2, 1, 1, 1, 55);
INSERT INTO equip_general (id_equip_general, annexe, autres, contenance_eau, contenance_gazoil, nb_cabines, nb_douches, nb_moteurs, nb_wc, puissance) VALUES (13, NULL, NULL, NULL, NULL, NULL, NULL, NULL, NULL, NULL);
INSERT INTO equip_general (id_equip_general, annexe, autres, contenance_eau, contenance_gazoil, nb_cabines, nb_douches, nb_moteurs, nb_wc, puissance) VALUES (14, NULL, NULL, NULL, NULL, NULL, NULL, NULL, NULL, NULL);
INSERT INTO equip_general (id_equip_general, annexe, autres, contenance_eau, contenance_gazoil, nb_cabines, nb_douches, nb_moteurs, nb_wc, puissance) VALUES (16, false, '', NULL, NULL, NULL, NULL, NULL, NULL, NULL);
INSERT INTO equip_general (id_equip_general, annexe, autres, contenance_eau, contenance_gazoil, nb_cabines, nb_douches, nb_moteurs, nb_wc, puissance) VALUES (17, false, '', NULL, NULL, NULL, NULL, NULL, NULL, NULL);
INSERT INTO equip_general (id_equip_general, annexe, autres, contenance_eau, contenance_gazoil, nb_cabines, nb_douches, nb_moteurs, nb_wc, puissance) VALUES (18, false, '', NULL, NULL, NULL, NULL, NULL, NULL, NULL);

INSERT INTO bateau (id_bateau, annee, greement, info, marque, nom, taille, type_coque, equip_general, utilisateur, valide, date_maj) VALUES (1, 2000, NULL, NULL, 'Dummy', '', 1, NULL, 1, 'DummyUser', NULL, '2010-04-08 17:17:31.644');
INSERT INTO bateau (id_bateau, annee, greement, info, marque, nom, taille, type_coque, equip_general, utilisateur, valide, date_maj) VALUES (2, 1963, NULL, NULL, 'ketch Cornu', 'CORSEN', 12, NULL, 2, 'navigator35', true, '2010-04-08 17:17:31.644');
INSERT INTO bateau (id_bateau, annee, greement, info, marque, nom, taille, type_coque, equip_general, utilisateur, valide, date_maj) VALUES (3, 1992, 'SLOOP', '', 'sundance', 'Sundance', 17, 'CATAMARAN', 3, 'sundance', true, '2010-04-08 17:17:31.644');
INSERT INTO bateau (id_bateau, annee, greement, info, marque, nom, taille, type_coque, equip_general, utilisateur, valide, date_maj) VALUES (4, 2001, NULL, NULL, 'Outremer 45', 'Oxyegn', 14, NULL, 4, 'Oxygen', true, '2010-04-08 17:17:31.644');
INSERT INTO bateau (id_bateau, annee, greement, info, marque, nom, taille, type_coque, equip_general, utilisateur, valide, date_maj) VALUES (5, 2001, 'SLOOP', 'Test', 'Catamaran Outremer 4', 'Oxygen', 14, 'CATAMARAN', 5, 'Oxygen', true, '2010-04-08 17:17:31.644');
INSERT INTO bateau (id_bateau, annee, greement, info, marque, nom, taille, type_coque, equip_general, utilisateur, valide, date_maj) VALUES (6, 1994, 'SLOOP', 'Test', 'Banner 28', '1/2 & 1/2', 9, 'MONOCOQUE', 6, 'Olivier51', true, '2010-04-08 17:17:31.644');
INSERT INTO bateau (id_bateau, annee, greement, info, marque, nom, taille, type_coque, equip_general, utilisateur, valide, date_maj) VALUES (7, 1982, 'SLOOP', '', 'Nautic Saintonge', 'Naos', 11, 'MONOCOQUE', 7, 'grandcormaran', true, '2010-04-08 17:17:31.644');
INSERT INTO bateau (id_bateau, annee, greement, info, marque, nom, taille, type_coque, equip_general, utilisateur, valide, date_maj) VALUES (10, 1978, 'SLOOP', 'Test', 'Lannot', 'Saturne', 15, 'MONOCOQUE', 10, 'saturne', true, '2010-04-14 08:06:12.25');
INSERT INTO bateau (id_bateau, annee, greement, info, marque, nom, taille, type_coque, equip_general, utilisateur, valide, date_maj) VALUES (11, 2003, 'SLOOP', '', 'Bavaria 36', 'LoopLoop', 11, 'MONOCOQUE', 11, 'florent13006', true, '2010-04-14 09:24:31.107');
INSERT INTO bateau (id_bateau, annee, greement, info, marque, nom, taille, type_coque, equip_general, utilisateur, valide, date_maj) VALUES (12, 2006, 'SLOOP', '2 cabines double-couchettes', 'Dufour 40', 'Free Dom', 12, 'MONOCOQUE', 12, 'freedom40', true, '2010-04-14 19:36:33.572');
INSERT INTO bateau (id_bateau, annee, greement, info, marque, nom, taille, type_coque, equip_general, utilisateur, valide, date_maj) VALUES (13, 1996, NULL, NULL, 'ALUBAT CIGALE16', 'TARKA', 16, NULL, 13, 'tarkasailing', true, '2010-04-16 10:48:08.253');
INSERT INTO bateau (id_bateau, annee, greement, info, marque, nom, taille, type_coque, equip_general, utilisateur, valide, date_maj) VALUES (14, 2003, NULL, NULL, 'catana 47', 'Hemingway', 14, NULL, 14, 'grosvilain', true, '2010-04-22 16:24:00.965');
INSERT INTO bateau (id_bateau, annee, greement, info, marque, nom, taille, type_coque, equip_general, utilisateur, valide, date_maj) VALUES (16, 2005, 'AUTRE', '', 'Sun Fast 41', 'BRAVA', 13, 'MONOCOQUE', 16, 'skyper77', true, '2010-05-02 11:14:53.866');
INSERT INTO bateau (id_bateau, annee, greement, info, marque, nom, taille, type_coque, equip_general, utilisateur, valide, date_maj) VALUES (17, 2009, NULL, '', 'Jeanneau 36i', 'SUN', 10, 'MONOCOQUE', 17, 'skyper77', true, '2010-05-02 11:25:32.08');
INSERT INTO bateau (id_bateau, annee, greement, info, marque, nom, taille, type_coque, equip_general, utilisateur, valide, date_maj) VALUES (18, 1996, 'SLOOP', '', 'SF HN', 'Isbel', 2, 'MONOCOQUE', 18, 'Akemi', true, '2010-05-11 18:18:57.953');

INSERT INTO equip_general_has_equipement (equip_general, equipement, nombre) VALUES (12, 24, 5);
INSERT INTO equip_general_has_equipement (equip_general, equipement, nombre) VALUES (12, 20, 4);
INSERT INTO equip_general_has_equipement (equip_general, equipement, nombre) VALUES (12, 23, 4);
INSERT INTO equip_general_has_equipement (equip_general, equipement, nombre) VALUES (12, 16, 3);
INSERT INTO equip_general_has_equipement (equip_general, equipement, nombre) VALUES (12, 19, 4);
INSERT INTO equip_general_has_equipement (equip_general, equipement, nombre) VALUES (12, 18, 3);
INSERT INTO equip_general_has_equipement (equip_general, equipement, nombre) VALUES (12, 8, 5);
INSERT INTO equip_general_has_equipement (equip_general, equipement, nombre) VALUES (12, 9, 2);
INSERT INTO equip_general_has_equipement (equip_general, equipement, nombre) VALUES (12, 4, 5);
INSERT INTO equip_general_has_equipement (equip_general, equipement, nombre) VALUES (12, 5, 5);
INSERT INTO equip_general_has_equipement (equip_general, equipement, nombre) VALUES (12, 6, 5);
INSERT INTO equip_general_has_equipement (equip_general, equipement, nombre) VALUES (12, 1, 5);
INSERT INTO equip_general_has_equipement (equip_general, equipement, nombre) VALUES (12, 2, 5);
INSERT INTO equip_general_has_equipement (equip_general, equipement, nombre) VALUES (12, 3, 4);

INSERT INTO photo_bateau (id_photo, path, bateau) VALUES (2, 'Oxygen_gros_plan_de_face.JPG', 5);
INSERT INTO photo_bateau (id_photo, path, bateau) VALUES (3, 'banner.jpg', 6);
INSERT INTO photo_bateau (id_photo, path, bateau) VALUES (4, 'Satmini.jpg', 10);
INSERT INTO photo_bateau (id_photo, path, bateau) VALUES (5, 'Free_Dom_1.jpg', 12);

INSERT INTO voiles_bateau (bateau_id, voile_bateau) VALUES (5, 0);
INSERT INTO voiles_bateau (bateau_id, voile_bateau) VALUES (5, 3);
INSERT INTO voiles_bateau (bateau_id, voile_bateau) VALUES (5, 5);
INSERT INTO voiles_bateau (bateau_id, voile_bateau) VALUES (6, 0);
INSERT INTO voiles_bateau (bateau_id, voile_bateau) VALUES (6, 1);
INSERT INTO voiles_bateau (bateau_id, voile_bateau) VALUES (6, 2);
INSERT INTO voiles_bateau (bateau_id, voile_bateau) VALUES (6, 3);
INSERT INTO voiles_bateau (bateau_id, voile_bateau) VALUES (6, 5);
INSERT INTO voiles_bateau (bateau_id, voile_bateau) VALUES (7, 0);
INSERT INTO voiles_bateau (bateau_id, voile_bateau) VALUES (7, 1);
INSERT INTO voiles_bateau (bateau_id, voile_bateau) VALUES (7, 4);
INSERT INTO voiles_bateau (bateau_id, voile_bateau) VALUES (11, 0);
INSERT INTO voiles_bateau (bateau_id, voile_bateau) VALUES (11, 4);
INSERT INTO voiles_bateau (bateau_id, voile_bateau) VALUES (12, 0);
INSERT INTO voiles_bateau (bateau_id, voile_bateau) VALUES (12, 1);
INSERT INTO voiles_bateau (bateau_id, voile_bateau) VALUES (12, 2);
INSERT INTO voiles_bateau (bateau_id, voile_bateau) VALUES (12, 3);
INSERT INTO voiles_bateau (bateau_id, voile_bateau) VALUES (12, 4);
INSERT INTO voiles_bateau (bateau_id, voile_bateau) VALUES (12, 5);

INSERT INTO annonce (num_annonce, montant, type_paiement, date_debut, date_fin, date_maj, description, titre, monnaie, lieu_arrivee, lieu_depart, valide) VALUES (1, 999999, 'PARTAGE', '2010-04-20', '2010-04-20', '2010-04-07 00:34:06.52', 'Test', 'Test', 5, 18,17, true);
INSERT INTO annonce (num_annonce, montant, type_paiement, date_debut, date_fin, date_maj, description, titre, monnaie, lieu_arrivee, lieu_depart, valide) VALUES (9, 999999, 'PARTAGE', '2010-04-20', '2010-04-20', '2010-04-07 00:34:06.52', 'Test', 'Test', 5, 18, 17, true);
INSERT INTO annonce (num_annonce, montant, type_paiement, date_debut, date_fin, date_maj, description, titre, monnaie, lieu_arrivee, lieu_depart, valide) VALUES (2, 90, 'JOURNALIER', '2010-07-28', '2010-08-01', '2010-03-30 00:00:00', 'Test', 'Direction Cap Vert', 5, 8, 7, true);
INSERT INTO annonce (num_annonce, montant, type_paiement, date_debut, date_fin, date_maj, description, titre, monnaie, lieu_arrivee, lieu_depart, valide) VALUES (17, 40, 'FORFAIT', NULL, NULL, '2010-04-08 17:17:31.644', 'Test', 'Test', 5, NULL, 2, true);
INSERT INTO annonce (num_annonce, montant, type_paiement, date_debut, date_fin, date_maj, description, titre, monnaie, lieu_arrivee, lieu_depart, valide) VALUES (6, 100, 'PARTAGE', '2010-06-01', '2010-07-04', '2010-04-03 20:20:14.416', 'Test', 'Test', 5, 13, 7, true);
INSERT INTO annonce (num_annonce, montant, type_paiement, date_debut, date_fin, date_maj, description, titre, monnaie, lieu_arrivee, lieu_depart, valide) VALUES (7, 0, 'PARTAGE', '2010-09-20', '2010-11-20', '2010-04-03 20:23:31.056', 'Test', 'Test', 5, 13, 13, true);
INSERT INTO annonce (num_annonce, montant, type_paiement, date_debut, date_fin, date_maj, description, titre, monnaie, lieu_arrivee, lieu_depart, valide) VALUES (0, 0, 'JOURNALIER', '2010-05-22', '2010-05-23', '2010-04-07 12:57:09.993', 'Test', 'Test', 5, 2, 2, true);
INSERT INTO annonce (num_annonce, montant, type_paiement, date_debut, date_fin, date_maj, description, titre, monnaie, lieu_arrivee, lieu_depart, valide) VALUES (10, 600, 'PARTAGE', '2010-09-04', '2010-12-10', '2010-04-07 02:39:03.193', 'Test', 'Brésil', 5, 20, 19, true);
INSERT INTO annonce (num_annonce, montant, type_paiement, date_debut, date_fin, date_maj, description, titre, monnaie, lieu_arrivee, lieu_depart, valide) VALUES (12, 40, 'PARTAGE', '2010-05-06', '2010-05-16', '2010-04-07 14:02:08.717', 'Test', 'Test', 5, 5, 3, true);
INSERT INTO annonce (num_annonce, montant, type_paiement, date_debut, date_fin, date_maj, description, titre, monnaie, lieu_arrivee, lieu_depart, valide) VALUES (11, 1, 'PARTAGE', '2010-07-01', '2010-10-01', '2010-04-07 14:03:31.777', 'Test', 'Test', 5, NULL, 21, true);
INSERT INTO annonce (num_annonce, montant, type_paiement, date_debut, date_fin, date_maj, description, titre, monnaie, lieu_arrivee, lieu_depart, valide) VALUES (16, 40, 'JOURNALIER', '2010-04-03', '2011-04-01', '2010-04-08 14:52:38.006', 'Test', 'Test', 5, 2, 2, true);
INSERT INTO annonce (num_annonce, montant, type_paiement, date_debut, date_fin, date_maj, description, titre, monnaie, lieu_arrivee, lieu_depart, valide) VALUES (15, 100, 'PARTAGE', NULL, NULL, '2010-04-08 14:47:55.891', 'Test', 'Test', 5, NULL, NULL, true);
INSERT INTO annonce (num_annonce, montant, type_paiement, date_debut, date_fin, date_maj, description, titre, monnaie, lieu_arrivee, lieu_depart, valide) VALUES (14, 2, 'PARTAGE', '2010-06-01', '2010-08-01', '2010-04-08 14:32:10.62', 'Test', 'Test', 5, 33, 32, true);
INSERT INTO annonce (num_annonce, montant, type_paiement, date_debut, date_fin, date_maj, description, titre, monnaie, lieu_arrivee, lieu_depart, valide) VALUES (20, 100, 'PARTAGE', NULL, NULL, '2010-04-09 11:38:39.219', 'Test', 'Test', 5, 39, 13, true);
INSERT INTO annonce (num_annonce, montant, type_paiement, date_debut, date_fin, date_maj, description, titre, monnaie, lieu_arrivee, lieu_depart, valide) VALUES (23, 1, 'PARTAGE', NULL, NULL, '2010-04-11 17:59:44.894', 'Test', 'Test', 5, 47,46, true);
INSERT INTO annonce (num_annonce, montant, type_paiement, date_debut, date_fin, date_maj, description, titre, monnaie, lieu_arrivee, lieu_depart, valide) VALUES (21, 50, 'PARTAGE', '2010-05-14', NULL, '2010-04-10 00:44:36.955', 'Test', 'Test', 5, NULL, 42, true);
INSERT INTO annonce (num_annonce, montant, type_paiement, date_debut, date_fin, date_maj, description, titre, monnaie, lieu_arrivee, lieu_depart, valide) VALUES (24, 0, 'PARTAGE', '2010-04-17', NULL, '2010-04-12 19:33:20.69', 'Test', 'Test', 5, 50, 49, true);
INSERT INTO annonce (num_annonce, montant, type_paiement, date_debut, date_fin, date_maj, description, titre, monnaie, lieu_arrivee, lieu_depart, valide) VALUES (25, 70, 'PARTAGE', '2010-06-01', '2010-09-30', '2010-04-14 09:26:50.928', 'Test', 'Test', 5, 2, 2, true);
INSERT INTO annonce (num_annonce, montant, type_paiement, date_debut, date_fin, date_maj, description, titre, monnaie, lieu_arrivee, lieu_depart, valide) VALUES (22, 24, 'PARTAGE', '2010-08-26', '2010-09-26', '2010-04-25 00:37:18.506', 'Test', 'Test', 40, 44, 5, true);
INSERT INTO annonce (num_annonce, montant, type_paiement, date_debut, date_fin, date_maj, description, titre, monnaie, lieu_arrivee, lieu_depart, valide) VALUES (26, 50, 'JOURNALIER', '2010-05-01', '2010-05-01', '2010-04-14 17:44:27.454', 'Test', 'Test', 5, 53, 53, true);
INSERT INTO annonce (num_annonce, montant, type_paiement, date_debut, date_fin, date_maj, description, titre, monnaie, lieu_arrivee, lieu_depart, valide) VALUES (27, 50, 'JOURNALIER', '2010-06-26', '2010-10-09', '2010-04-14 19:25:46.339', 'Test', 'Test', 5, 54, 53, true);
INSERT INTO annonce (num_annonce, montant, type_paiement, date_debut, date_fin, date_maj, description, titre, monnaie, lieu_arrivee, lieu_depart, valide) VALUES (28, 50, 'FORFAIT', '2010-04-01', '2056-04-01', '2010-04-15 08:11:54.81', 'Test', 'Test', 5, 55, 55, true);
INSERT INTO annonce (num_annonce, montant, type_paiement, date_debut, date_fin, date_maj, description, titre, monnaie, lieu_arrivee, lieu_depart, valide) VALUES (29, 0, 'PARTAGE', NULL, NULL, '2010-04-15 16:27:51.723', 'Test', 'Test', 5, 59, 58, true);
INSERT INTO annonce (num_annonce, montant, type_paiement, date_debut, date_fin, date_maj, description, titre, monnaie, lieu_arrivee, lieu_depart, valide) VALUES (30, 1700, 'FORFAIT', '2010-07-04', '2010-07-18', '2010-04-16 10:48:08.281', 'Test', 'Test', 5, 17, 17, true);
INSERT INTO annonce (num_annonce, montant, type_paiement, date_debut, date_fin, date_maj, description, titre, monnaie, lieu_arrivee, lieu_depart, valide) VALUES (32, 0, 'PARTAGE', '2010-07-12', NULL, '2010-04-20 16:51:06.352', 'Test', 'Test', 5, 62, 50, true);
INSERT INTO annonce (num_annonce, montant, type_paiement, date_debut, date_fin, date_maj, description, titre, monnaie, lieu_arrivee, lieu_depart, valide) VALUES (33, 5, 'JOURNALIER', '2010-10-01', NULL, '2010-04-21 12:55:21.842', 'Test', 'Test', 5, 64, 2, true);
INSERT INTO annonce (num_annonce, montant, type_paiement, date_debut, date_fin, date_maj, description, titre, monnaie, lieu_arrivee, lieu_depart, valide) VALUES (31, 0, 'PARTAGE', '2010-10-01', '2010-11-01', '2010-04-18 13:35:04.858', 'Test', 'Test', 5, 50, 13, true);
INSERT INTO annonce (num_annonce, montant, type_paiement, date_debut, date_fin, date_maj, description, titre, monnaie, lieu_arrivee, lieu_depart, valide) VALUES (34, 1, 'FORFAIT', '2010-12-25', '2011-01-08', '2010-04-22 16:24:01.033', 'Test', 'Test', 5, 70, 69, true);
INSERT INTO annonce (num_annonce, montant, type_paiement, date_debut, date_fin, date_maj, description, titre, monnaie, lieu_arrivee, lieu_depart, valide) VALUES (35, 999998, 'PARTAGE', '2010-07-01', NULL, '2010-04-22 17:31:49.142', 'Test', 'Test', 5, NULL, 13, true);
INSERT INTO annonce (num_annonce, montant, type_paiement, date_debut, date_fin, date_maj, description, titre, monnaie, lieu_arrivee, lieu_depart, valide) VALUES (36, 0, 'PARTAGE', '2010-05-31', NULL, '2010-04-30 14:56:22.602', 'Test', 'Test', 120, NULL, 77, true);
INSERT INTO annonce (num_annonce, montant, type_paiement, date_debut, date_fin, date_maj, description, titre, monnaie, lieu_arrivee, lieu_depart, valide) VALUES (37, 200, 'FORFAIT', '2010-05-14', '2010-05-14', '2010-04-30 17:09:04.80', 'Test', 'Test', 5, 80, 79, true);
INSERT INTO annonce (num_annonce, montant, type_paiement, date_debut, date_fin, date_maj, description, titre, monnaie, lieu_arrivee, lieu_depart, valide) VALUES (38, 0, 'PARTAGE', '2010-05-13', '2010-05-16', '2010-05-02 11:15:54.51', 'Test', 'Test', 5, 82, 82, true);
INSERT INTO annonce (num_annonce, montant, type_paiement, date_debut, date_fin, date_maj, description, titre, monnaie, lieu_arrivee, lieu_depart, valide) VALUES (39, 0, 'PARTAGE', '2010-06-12', '2010-06-26', '2010-05-02 11:26:50.784', 'Test', 'Test', 5, 83, 83, true);
INSERT INTO annonce (num_annonce, montant, type_paiement, date_debut, date_fin, date_maj, description, titre, monnaie, lieu_arrivee, lieu_depart, valide) VALUES (40, 0, 'PARTAGE', NULL, NULL, '2010-05-04 19:39:42.652', 'Test', 'Test', 5, NULL, NULL, true);
INSERT INTO annonce (num_annonce, montant, type_paiement, date_debut, date_fin, date_maj, description, titre, monnaie, lieu_arrivee, lieu_depart, valide) VALUES (41, 1, 'PARTAGE', '2010-07-05', '2010-07-25', '2010-05-07 21:56:31.201', 'Test', 'Test', 5, 13, 13, true);
INSERT INTO annonce (num_annonce, montant, type_paiement, date_debut, date_fin, date_maj, description, titre, monnaie, lieu_arrivee, lieu_depart, valide) VALUES (42, 2, 'JOURNALIER', '2010-07-30', '2012-05-31', '2010-05-11 21:37:00.531', 'Test', 'Test Ake', 5, 92, 2, true);

INSERT INTO demande (type_coque, num_annonce, utilisateur) VALUES ('MONOCOQUE', 0, 'Akemi');
INSERT INTO demande (type_coque, num_annonce, utilisateur) VALUES (NULL, 1, 'Cassandre');
INSERT INTO demande (type_coque, num_annonce, utilisateur) VALUES (NULL, 2, 'Ada');
INSERT INTO demande (type_coque, num_annonce, utilisateur) VALUES ('MONOCOQUE', 6, 'xavdarb');
INSERT INTO demande (type_coque, num_annonce, utilisateur) VALUES ('MONOCOQUE', 7, 'xavdarb');
INSERT INTO demande (type_coque, num_annonce, utilisateur) VALUES ('CATAMARAN', 11, 'sundance');
INSERT INTO demande (type_coque, num_annonce, utilisateur) VALUES (NULL, 14, 'rose');
INSERT INTO demande (type_coque, num_annonce, utilisateur) VALUES (NULL, 15, 'TRAVIS');
INSERT INTO demande (type_coque, num_annonce, utilisateur) VALUES (NULL, 16, 'Gantoo');
INSERT INTO demande (type_coque, num_annonce, utilisateur) VALUES (NULL, 17, 'Kojiro');
INSERT INTO demande (type_coque, num_annonce, utilisateur) VALUES (NULL, 20, 'renaud');
INSERT INTO demande (type_coque, num_annonce, utilisateur) VALUES ('CATAMARAN', 21, 'aviator2000');
INSERT INTO demande (type_coque, num_annonce, utilisateur) VALUES (NULL, 23, 'Maxime');
INSERT INTO demande (type_coque, num_annonce, utilisateur) VALUES (NULL, 24, 'CUQ');
INSERT INTO demande (type_coque, num_annonce, utilisateur) VALUES (NULL, 29, 'lolo');
INSERT INTO demande (type_coque, num_annonce, utilisateur) VALUES (NULL, 31, 'awaywego');
INSERT INTO demande (type_coque, num_annonce, utilisateur) VALUES (NULL, 32, 'fankt');
INSERT INTO demande (type_coque, num_annonce, utilisateur) VALUES ('CATAMARAN', 33, 'kojtroll');
INSERT INTO demande (type_coque, num_annonce, utilisateur) VALUES (NULL, 35, 'ptitquick');
INSERT INTO demande (type_coque, num_annonce, utilisateur) VALUES ('MONOCOQUE', 22, 'Xav10');
INSERT INTO demande (type_coque, num_annonce, utilisateur) VALUES (NULL, 36, 'debdeb80');
INSERT INTO demande (type_coque, num_annonce, utilisateur) VALUES (NULL, 37, 'Tsahai');
INSERT INTO demande (type_coque, num_annonce, utilisateur) VALUES (NULL, 40, 'Bosco');
INSERT INTO demande (type_coque, num_annonce, utilisateur) VALUES (NULL, 41, 'jubile');

INSERT INTO offre (competences, nb_personnes, num_annonce, bateau, utilisateur) VALUES (NULL, 1, 9, 1, 'Ushuaia');
INSERT INTO offre (competences, nb_personnes, num_annonce, bateau, utilisateur) VALUES (NULL, 1, 10, 2, 'navigator35');
INSERT INTO offre (competences, nb_personnes, num_annonce, bateau, utilisateur) VALUES ('', 1, 12, 5, 'Oxygen');
INSERT INTO offre (competences, nb_personnes, num_annonce, bateau, utilisateur) VALUES ('', 4, 25, 11, 'florent13006');
INSERT INTO offre (competences, nb_personnes, num_annonce, bateau, utilisateur) VALUES (NULL, 1, 26, 12, 'freedom40');
INSERT INTO offre (competences, nb_personnes, num_annonce, bateau, utilisateur) VALUES ('', 4,27, 12, 'freedom40');
INSERT INTO offre (competences, nb_personnes, num_annonce, bateau, utilisateur) VALUES ('Aucune compétence demandée.', 6, 28, 10, 'saturne');
INSERT INTO offre (competences, nb_personnes, num_annonce, bateau, utilisateur) VALUES (NULL, 1, 30, 13, 'tarkasailing');
INSERT INTO offre (competences, nb_personnes, num_annonce, bateau, utilisateur) VALUES (NULL, 1, 34, 14, 'grosvilain');
INSERT INTO offre (competences, nb_personnes, num_annonce, bateau, utilisateur) VALUES ('Débutents accéptés', 1, 38, 16, 'skyper77');
INSERT INTO offre (competences, nb_personnes, num_annonce, bateau, utilisateur) VALUES ('', 2, 39, 17, 'skyper77');
INSERT INTO offre (competences, nb_personnes, num_annonce, bateau, utilisateur) VALUES ('', 1, 42, 18, 'Akemi');

INSERT INTO escale (id_escale, date, duree, type_duree, lieu, offre) VALUES (0, '2010-08-06', 3, 'JOUR', 91, 42);
INSERT INTO escale (id_escale, date, duree, type_duree, lieu, offre) VALUES (1, '2010-10-22', 2, 'JOUR', 90, 42);

INSERT INTO postes_recherches (offre_id, poste_recherche) VALUES (25, 1);
INSERT INTO postes_recherches (offre_id, poste_recherche) VALUES (27, 1);
INSERT INTO postes_recherches (offre_id, poste_recherche) VALUES (28, 1);
INSERT INTO postes_recherches (offre_id, poste_recherche) VALUES (38, 1);
INSERT INTO postes_recherches (offre_id, poste_recherche) VALUES (39, 1);


INSERT INTO types_nav_annonce (type_nav_annonce_id, type_nav) VALUES (6, 1);
INSERT INTO types_nav_annonce (type_nav_annonce_id, type_nav) VALUES (7, 0);
INSERT INTO types_nav_annonce (type_nav_annonce_id, type_nav) VALUES (7, 1);
INSERT INTO types_nav_annonce (type_nav_annonce_id, type_nav) VALUES (7, 2);
INSERT INTO types_nav_annonce (type_nav_annonce_id, type_nav) VALUES (7, 3);
INSERT INTO types_nav_annonce (type_nav_annonce_id, type_nav) VALUES (7, 4);
INSERT INTO types_nav_annonce (type_nav_annonce_id, type_nav) VALUES (0, 0);
INSERT INTO types_nav_annonce (type_nav_annonce_id, type_nav) VALUES (1, 3);
INSERT INTO types_nav_annonce (type_nav_annonce_id, type_nav) VALUES (11, 1);
INSERT INTO types_nav_annonce (type_nav_annonce_id, type_nav) VALUES (16, 0);
INSERT INTO types_nav_annonce (type_nav_annonce_id, type_nav) VALUES (17, 0);
INSERT INTO types_nav_annonce (type_nav_annonce_id, type_nav) VALUES (21, 1);
INSERT INTO types_nav_annonce (type_nav_annonce_id, type_nav) VALUES (25, 0);
INSERT INTO types_nav_annonce (type_nav_annonce_id, type_nav) VALUES (27, 0);
INSERT INTO types_nav_annonce (type_nav_annonce_id, type_nav) VALUES (28, 0);
INSERT INTO types_nav_annonce (type_nav_annonce_id, type_nav) VALUES (29, 1);
INSERT INTO types_nav_annonce (type_nav_annonce_id, type_nav) VALUES (29, 3);
INSERT INTO types_nav_annonce (type_nav_annonce_id, type_nav) VALUES (32, 3);
INSERT INTO types_nav_annonce (type_nav_annonce_id, type_nav) VALUES (33, 0);
INSERT INTO types_nav_annonce (type_nav_annonce_id, type_nav) VALUES (33, 1);
INSERT INTO types_nav_annonce (type_nav_annonce_id, type_nav) VALUES (33, 2);
INSERT INTO types_nav_annonce (type_nav_annonce_id, type_nav) VALUES (33, 3);
INSERT INTO types_nav_annonce (type_nav_annonce_id, type_nav) VALUES (22, 4);
INSERT INTO types_nav_annonce (type_nav_annonce_id, type_nav) VALUES (38, 1);
INSERT INTO types_nav_annonce (type_nav_annonce_id, type_nav) VALUES (39, 0);
INSERT INTO types_nav_annonce (type_nav_annonce_id, type_nav) VALUES (41, 0);
INSERT INTO types_nav_annonce (type_nav_annonce_id, type_nav) VALUES (41, 1);
INSERT INTO types_nav_annonce (type_nav_annonce_id, type_nav) VALUES (41, 2);
INSERT INTO types_nav_annonce (type_nav_annonce_id, type_nav) VALUES (41, 3);
INSERT INTO types_nav_annonce (type_nav_annonce_id, type_nav) VALUES (41, 4);




INSERT INTO conversation (ID_CONVERSATION,NOMBRE_MSG,TITRE) values (1,1,'Conversation avec un seul message lu de Koj a Ake.');
INSERT INTO message (ID_MESSAGE,CONVERSATION, EMETTEUR,DESTINATAIRE,DATE_ENVOI,TEXTE,LU) values (1,1,'Kojiro','Akemi','2010-04-14 17:46:27.454','Whooooooooooooooo hooooooooooooooo !!! \r\n Vivement la notation des annnonces ca va tout déchirer ! \r Zoubs :) \r Lorem ipsum dolor sit amet, consectetur adipiscing elit\r Praesent a lacus non augue ultrices pulvinar\r Aliquam dolor elit, convallis ut gravida eu, dignissim eget metus\r Nunc porta venenatis pretium\r Cras at cursus nibh\r Cras auctor sapien vitae urna malesuada ac feugiat lacus pellentesque\r Vestibulum diam mauris, egestas ac hendrerit quis, venenatis tincidunt nunc\r Integer lorem tortor, fringilla eget gravida in, iaculis et metus\r Phasellus vel sapien eu tortor rutrum sodales vel sed velit\r Sed eros nisi, eleifend id sodales vel, pretium ac ante\r Nunc id augue neque\r Sed non dui elit\r Duis bibendum, felis vel adipiscing pellentesque, mauris ante sodales augue, in venenatis odio nisi et erat\r Nullam vel libero metus\r Vivamus ac lacus arcu, at luctus turpis\r Etiam porta aliquam sem nec auctor\r Lorem ipsum dolor sit amet, consectetur adipiscing elit\r Vivamus posuere sodales nulla, et congue elit malesuada sed\r Pellentesque lacinia viverra placerat.',true);
UPDATE conversation set DERNIER_MSG = 1 where ID_CONVERSATION = 1;

INSERT INTO conversation (ID_CONVERSATION,NOMBRE_MSG,TITRE) values (2,3,'Conversation avec trois messages Koj a Ake. Le dernier d Ake vers Koj n est pas lu.');
INSERT INTO message (ID_MESSAGE,CONVERSATION, EMETTEUR,DESTINATAIRE,DATE_ENVOI,TEXTE,LU) values (2,2,'Kojiro','Akemi','2010-04-14 17:47:27.454','Coucou ca farte ? \r Lorem ipsum dolor sit amet, consectetur adipiscing elit\r Praesent a lacus non augue ultrices pulvinar\r Aliquam dolor elit, convallis ut gravida eu, dignissim eget metus\r Nunc porta venenatis pretium\r Cras at cursus nibh\r Cras auctor sapien vitae urna malesuada ac feugiat lacus pellentesque\r Vestibulum diam mauris, egestas ac hendrerit quis, venenatis tincidunt nunc\r Integer lorem tortor, fringilla eget gravida in, iaculis et metus\r Phasellus vel sapien eu tortor rutrum sodales vel sed velit\r Sed eros nisi, eleifend id sodales vel, pretium ac ante\r Nunc id augue neque\r Sed non dui elit\r Duis bibendum, felis vel adipiscing pellentesque, mauris ante sodales augue, in venenatis odio nisi et erat\r Nullam vel libero metus\r Vivamus ac lacus arcu, at luctus turpis\r Etiam porta aliquam sem nec auctor\r Lorem ipsum dolor sit amet, consectetur adipiscing elit\r Vivamus posuere sodales nulla, et congue elit malesuada sed\r Pellentesque lacinia viverra placerat.',true);
INSERT INTO message (ID_MESSAGE,CONVERSATION, EMETTEUR,DESTINATAIRE,DATE_ENVOI,TEXTE,LU) values (3,2,'Akemi','Kojiro','2010-04-14 17:48:27.454','Yeeeeeeeeeee haaaaa !\r Lorem ipsum dolor sit amet, consectetur adipiscing elit\r Praesent a lacus non augue ultrices pulvinar\r Aliquam dolor elit, convallis ut gravida eu, dignissim eget metus\r Nunc porta venenatis pretium\r Cras at cursus nibh\r Cras auctor sapien vitae urna malesuada ac feugiat lacus pellentesque\r Vestibulum diam mauris, egestas ac hendrerit quis, venenatis tincidunt nunc\r Integer lorem tortor, fringilla eget gravida in, iaculis et metus\r Phasellus vel sapien eu tortor rutrum sodales vel sed velit\r Sed eros nisi, eleifend id sodales vel, pretium ac ante\r Nunc id augue neque\r Sed non dui elit\r Duis bibendum, felis vel adipiscing pellentesque, mauris ante sodales augue, in venenatis odio nisi et erat\r Nullam vel libero metus\r Vivamus ac lacus arcu, at luctus turpis\r Etiam porta aliquam sem nec auctor\r Lorem ipsum dolor sit amet, consectetur adipiscing elit\r Vivamus posuere sodales nulla, et congue elit malesuada sed\r Pellentesque lacinia viverra placerat.',true);
INSERT INTO message (ID_MESSAGE,CONVERSATION, EMETTEUR,DESTINATAIRE,DATE_ENVOI,TEXTE,LU) values (4,2,'Kojiro','Akemi','2010-04-14 17:49:27.454','Grrrrrr Raaaaa hooooo \r oO \r Lorem ipsum dolor sit amet, consectetur adipiscing elit\r Praesent a lacus non augue ultrices pulvinar\r Aliquam dolor elit, convallis ut gravida eu, dignissim eget metus\r Nunc porta venenatis pretium\r Cras at cursus nibh\r Cras auctor sapien vitae urna malesuada ac feugiat lacus pellentesque\r Vestibulum diam mauris, egestas ac hendrerit quis, venenatis tincidunt nunc\r Integer lorem tortor, fringilla eget gravida in, iaculis et metus\r Phasellus vel sapien eu tortor rutrum sodales vel sed velit\r Sed eros nisi, eleifend id sodales vel, pretium ac ante\r Nunc id augue neque\r Sed non dui elit\r Duis bibendum, felis vel adipiscing pellentesque, mauris ante sodales augue, in venenatis odio nisi et erat\r Nullam vel libero metus\r Vivamus ac lacus arcu, at luctus turpis\r Etiam porta aliquam sem nec auctor\r Lorem ipsum dolor sit amet, consectetur adipiscing elit\r Vivamus posuere sodales nulla, et congue elit malesuada sed\r Pellentesque lacinia viverra placerat.',false);
UPDATE conversation set DERNIER_MSG = 4 where ID_CONVERSATION = 2;

update utilisateur SET note =0;
update bateau SET note =0;
update annonce SET note =0;
