INSERT INTO LANGUE (ID_LANGUE,LIBELLE) VALUES (1,'Dari');
INSERT INTO MONNAIE (ID_MONNAIE,CODE,LIBELLE) VALUES (1,'AFN','afghani');
INSERT INTO PAYS (ID_PAYS,MONNAIE,LANGUE,INDICATIF_TEL,LIBELLE) VALUES (1,1,1,'3',' Afghanistan');
INSERT INTO LANGUE (ID_LANGUE,LIBELLE) VALUES (2,'Anglais');
INSERT INTO MONNAIE (ID_MONNAIE,CODE,LIBELLE) VALUES (2,'ZAR','rand');
INSERT INTO PAYS (ID_PAYS,MONNAIE,LANGUE,INDICATIF_TEL,LIBELLE) VALUES (2,2,2,'27',' Afrique du Sud');
INSERT INTO LANGUE (ID_LANGUE,LIBELLE) VALUES (3,'Albanais');
INSERT INTO MONNAIE (ID_MONNAIE,CODE,LIBELLE) VALUES (3,'ALL','lek');
INSERT INTO PAYS (ID_PAYS,MONNAIE,LANGUE,INDICATIF_TEL,LIBELLE) VALUES (3,3,3,'355','Albanie');
INSERT INTO LANGUE (ID_LANGUE,LIBELLE) VALUES (4,'Arabe');
INSERT INTO MONNAIE (ID_MONNAIE,CODE,LIBELLE) VALUES (4,'DZD','dinar');
INSERT INTO PAYS (ID_PAYS,MONNAIE,LANGUE,INDICATIF_TEL,LIBELLE) VALUES (4,4,4,'213','Algérie');
INSERT INTO LANGUE (ID_LANGUE,LIBELLE) VALUES (5,'Allemand');
INSERT INTO MONNAIE (ID_MONNAIE,CODE,LIBELLE) VALUES (5,'EUR','euro');
INSERT INTO PAYS (ID_PAYS,MONNAIE,LANGUE,INDICATIF_TEL,LIBELLE) VALUES (5,5,5,'49','Allemagne');
INSERT INTO LANGUE (ID_LANGUE,LIBELLE) VALUES (6,'Catalan');
INSERT INTO PAYS (ID_PAYS,MONNAIE,LANGUE,INDICATIF_TEL,LIBELLE) VALUES (6,5,6,'376','Andorre');
INSERT INTO LANGUE (ID_LANGUE,LIBELLE) VALUES (7,'Portugais');
INSERT INTO MONNAIE (ID_MONNAIE,CODE,LIBELLE) VALUES (7,'AON','kwanza');
INSERT INTO PAYS (ID_PAYS,MONNAIE,LANGUE,INDICATIF_TEL,LIBELLE) VALUES (7,7,7,'244','Angola');
INSERT INTO MONNAIE (ID_MONNAIE,CODE,LIBELLE) VALUES (8,'XCD','dollar');
INSERT INTO PAYS (ID_PAYS,MONNAIE,LANGUE,INDICATIF_TEL,LIBELLE) VALUES (8,8,2,'1','Anguilla');
INSERT INTO PAYS (ID_PAYS,MONNAIE,LANGUE,INDICATIF_TEL,LIBELLE) VALUES (9,8,2,'1','Antigua-et-Barbuda');
INSERT INTO LANGUE (ID_LANGUE,LIBELLE) VALUES (10,'Néerlandais');
INSERT INTO MONNAIE (ID_MONNAIE,CODE,LIBELLE) VALUES (10,'ANG','florin');
INSERT INTO PAYS (ID_PAYS,MONNAIE,LANGUE,INDICATIF_TEL,LIBELLE) VALUES (10,10,10,'599','Antilles néerlandaises');
INSERT INTO MONNAIE (ID_MONNAIE,CODE,LIBELLE) VALUES (11,'SAR','ryal');
INSERT INTO PAYS (ID_PAYS,MONNAIE,LANGUE,INDICATIF_TEL,LIBELLE) VALUES (11,11,4,'966','Arabie saoudite');
INSERT INTO LANGUE (ID_LANGUE,LIBELLE) VALUES (12,'Espagnol');
INSERT INTO MONNAIE (ID_MONNAIE,CODE,LIBELLE) VALUES (12,'ARS','peso');
INSERT INTO PAYS (ID_PAYS,MONNAIE,LANGUE,INDICATIF_TEL,LIBELLE) VALUES (12,12,12,'54','Argentine');
INSERT INTO LANGUE (ID_LANGUE,LIBELLE) VALUES (13,'Arménien');
INSERT INTO MONNAIE (ID_MONNAIE,CODE,LIBELLE) VALUES (13,'AMD','dram');
INSERT INTO PAYS (ID_PAYS,MONNAIE,LANGUE,INDICATIF_TEL,LIBELLE) VALUES (13,13,13,'374','Arménie');
INSERT INTO MONNAIE (ID_MONNAIE,CODE,LIBELLE) VALUES (14,'AWG','florin');
INSERT INTO PAYS (ID_PAYS,MONNAIE,LANGUE,INDICATIF_TEL,LIBELLE) VALUES (14,14,10,'297','Aruba');
INSERT INTO MONNAIE (ID_MONNAIE,CODE,LIBELLE) VALUES (15,'SHP','livre');
INSERT INTO PAYS (ID_PAYS,MONNAIE,LANGUE,INDICATIF_TEL,LIBELLE) VALUES (15,15,2,'247','Ascension ( Sainte-Hélène)');
INSERT INTO MONNAIE (ID_MONNAIE,CODE,LIBELLE) VALUES (16,'AUD','dollar');
INSERT INTO PAYS (ID_PAYS,MONNAIE,LANGUE,INDICATIF_TEL,LIBELLE) VALUES (16,16,2,'61','Australie');
INSERT INTO MONNAIE (ID_MONNAIE,CODE,LIBELLE) VALUES (17,'ILS','shekel');
INSERT INTO PAYS (ID_PAYS,MONNAIE,LANGUE,INDICATIF_TEL,LIBELLE) VALUES (17,17,4,'970','Palestine');
INSERT INTO PAYS (ID_PAYS,MONNAIE,LANGUE,INDICATIF_TEL,LIBELLE) VALUES (18,5,5,'43','Autriche');
INSERT INTO LANGUE (ID_LANGUE,LIBELLE) VALUES (19,'Azéri');
INSERT INTO MONNAIE (ID_MONNAIE,CODE,LIBELLE) VALUES (19,'AZN','manat');
INSERT INTO PAYS (ID_PAYS,MONNAIE,LANGUE,INDICATIF_TEL,LIBELLE) VALUES (19,19,19,'994','Azerbaïdjan');
INSERT INTO MONNAIE (ID_MONNAIE,CODE,LIBELLE) VALUES (20,'BSD','dollar');
INSERT INTO PAYS (ID_PAYS,MONNAIE,LANGUE,INDICATIF_TEL,LIBELLE) VALUES (20,20,2,'1','Bahamas');
INSERT INTO MONNAIE (ID_MONNAIE,CODE,LIBELLE) VALUES (21,'BHD','dinar');
INSERT INTO PAYS (ID_PAYS,MONNAIE,LANGUE,INDICATIF_TEL,LIBELLE) VALUES (21,21,4,'973','Bahreïn');
INSERT INTO LANGUE (ID_LANGUE,LIBELLE) VALUES (22,'Bengali');
INSERT INTO MONNAIE (ID_MONNAIE,CODE,LIBELLE) VALUES (22,'BDT','taka');
INSERT INTO PAYS (ID_PAYS,MONNAIE,LANGUE,INDICATIF_TEL,LIBELLE) VALUES (22,22,22,'880','Bangladesh');
INSERT INTO MONNAIE (ID_MONNAIE,CODE,LIBELLE) VALUES (23,'BBD','dollar');
INSERT INTO PAYS (ID_PAYS,MONNAIE,LANGUE,INDICATIF_TEL,LIBELLE) VALUES (23,23,2,'1','Barbade');
INSERT INTO LANGUE (ID_LANGUE,LIBELLE) VALUES (24,'Russe');
INSERT INTO MONNAIE (ID_MONNAIE,CODE,LIBELLE) VALUES (24,'BYR','rouble');
INSERT INTO PAYS (ID_PAYS,MONNAIE,LANGUE,INDICATIF_TEL,LIBELLE) VALUES (24,24,24,'375','Biélorussie');
INSERT INTO PAYS (ID_PAYS,MONNAIE,LANGUE,INDICATIF_TEL,LIBELLE) VALUES (25,5,5,'32','Belgique');
INSERT INTO MONNAIE (ID_MONNAIE,CODE,LIBELLE) VALUES (26,'BZD','dollar');
INSERT INTO PAYS (ID_PAYS,MONNAIE,LANGUE,INDICATIF_TEL,LIBELLE) VALUES (26,26,2,'501','Belize');
INSERT INTO LANGUE (ID_LANGUE,LIBELLE) VALUES (27,'Français');
INSERT INTO MONNAIE (ID_MONNAIE,CODE,LIBELLE) VALUES (27,'XOF','franc CFA');
INSERT INTO PAYS (ID_PAYS,MONNAIE,LANGUE,INDICATIF_TEL,LIBELLE) VALUES (27,27,27,'229','Bénin');
INSERT INTO MONNAIE (ID_MONNAIE,CODE,LIBELLE) VALUES (28,'BMD','dollar');
INSERT INTO PAYS (ID_PAYS,MONNAIE,LANGUE,INDICATIF_TEL,LIBELLE) VALUES (28,28,2,'1','Bermudes');
INSERT INTO LANGUE (ID_LANGUE,LIBELLE) VALUES (29,'Dzongkha');
INSERT INTO MONNAIE (ID_MONNAIE,CODE,LIBELLE) VALUES (29,'BTN','ngultrum');
INSERT INTO PAYS (ID_PAYS,MONNAIE,LANGUE,INDICATIF_TEL,LIBELLE) VALUES (29,29,29,'975','Bhoutan');
INSERT INTO MONNAIE (ID_MONNAIE,CODE,LIBELLE) VALUES (30,'BOB','boliviano');
INSERT INTO PAYS (ID_PAYS,MONNAIE,LANGUE,INDICATIF_TEL,LIBELLE) VALUES (30,30,12,'591','Bolivie');
INSERT INTO LANGUE (ID_LANGUE,LIBELLE) VALUES (31,'Bosniaque');
INSERT INTO MONNAIE (ID_MONNAIE,CODE,LIBELLE) VALUES (31,'BAM','mark convertible');
INSERT INTO PAYS (ID_PAYS,MONNAIE,LANGUE,INDICATIF_TEL,LIBELLE) VALUES (31,31,31,'387','Bosnie-Herzégovine');
INSERT INTO MONNAIE (ID_MONNAIE,CODE,LIBELLE) VALUES (32,'BWP','pula');
INSERT INTO PAYS (ID_PAYS,MONNAIE,LANGUE,INDICATIF_TEL,LIBELLE) VALUES (32,32,2,'267','Botswana');
INSERT INTO MONNAIE (ID_MONNAIE,CODE,LIBELLE) VALUES (33,'BRL','réal');
INSERT INTO PAYS (ID_PAYS,MONNAIE,LANGUE,INDICATIF_TEL,LIBELLE) VALUES (33,33,7,'55','Brésil');
INSERT INTO MONNAIE (ID_MONNAIE,CODE,LIBELLE) VALUES (34,'BND','dollar');
INSERT INTO PAYS (ID_PAYS,MONNAIE,LANGUE,INDICATIF_TEL,LIBELLE) VALUES (34,34,2,'673','Brunei');
INSERT INTO LANGUE (ID_LANGUE,LIBELLE) VALUES (35,'Bulgare');
INSERT INTO MONNAIE (ID_MONNAIE,CODE,LIBELLE) VALUES (35,'BGN','lev');
INSERT INTO PAYS (ID_PAYS,MONNAIE,LANGUE,INDICATIF_TEL,LIBELLE) VALUES (35,35,35,'359','Bulgarie');
INSERT INTO PAYS (ID_PAYS,MONNAIE,LANGUE,INDICATIF_TEL,LIBELLE) VALUES (36,27,27,'226','Burkina Faso');
INSERT INTO MONNAIE (ID_MONNAIE,CODE,LIBELLE) VALUES (37,'BIF','franc');
INSERT INTO PAYS (ID_PAYS,MONNAIE,LANGUE,INDICATIF_TEL,LIBELLE) VALUES (37,37,27,'257','Burundi');
INSERT INTO LANGUE (ID_LANGUE,LIBELLE) VALUES (38,'Khmer');
INSERT INTO MONNAIE (ID_MONNAIE,CODE,LIBELLE) VALUES (38,'KHR','riel');
INSERT INTO PAYS (ID_PAYS,MONNAIE,LANGUE,INDICATIF_TEL,LIBELLE) VALUES (38,38,38,'855','Cambodge');
INSERT INTO MONNAIE (ID_MONNAIE,CODE,LIBELLE) VALUES (39,'XAF','franc CFA');
INSERT INTO PAYS (ID_PAYS,MONNAIE,LANGUE,INDICATIF_TEL,LIBELLE) VALUES (39,39,27,'237','Cameroun');
INSERT INTO MONNAIE (ID_MONNAIE,CODE,LIBELLE) VALUES (40,'CAD','dollar');
INSERT INTO PAYS (ID_PAYS,MONNAIE,LANGUE,INDICATIF_TEL,LIBELLE) VALUES (40,40,27,'1','Canada');
INSERT INTO MONNAIE (ID_MONNAIE,CODE,LIBELLE) VALUES (41,'CVE','escudo');
INSERT INTO PAYS (ID_PAYS,MONNAIE,LANGUE,INDICATIF_TEL,LIBELLE) VALUES (41,41,7,'238','Cap-Vert');
INSERT INTO MONNAIE (ID_MONNAIE,CODE,LIBELLE) VALUES (42,'KYD','dollar');
INSERT INTO PAYS (ID_PAYS,MONNAIE,LANGUE,INDICATIF_TEL,LIBELLE) VALUES (42,42,2,'1','Caïmans ( Îles )');
INSERT INTO PAYS (ID_PAYS,MONNAIE,LANGUE,INDICATIF_TEL,LIBELLE) VALUES (43,39,27,'236','Centrafrique');
INSERT INTO MONNAIE (ID_MONNAIE,CODE,LIBELLE) VALUES (44,'CLP','peso');
INSERT INTO PAYS (ID_PAYS,MONNAIE,LANGUE,INDICATIF_TEL,LIBELLE) VALUES (44,44,12,'56','Chili');
INSERT INTO LANGUE (ID_LANGUE,LIBELLE) VALUES (45,'Mandarin');
INSERT INTO MONNAIE (ID_MONNAIE,CODE,LIBELLE) VALUES (45,'CNY','yuan');
INSERT INTO PAYS (ID_PAYS,MONNAIE,LANGUE,INDICATIF_TEL,LIBELLE) VALUES (45,45,45,'86','Chine');
INSERT INTO PAYS (ID_PAYS,MONNAIE,LANGUE,INDICATIF_TEL,LIBELLE) VALUES (46,16,2,'672','Christmas ( Île )');
INSERT INTO LANGUE (ID_LANGUE,LIBELLE) VALUES (47,'Grec');
INSERT INTO PAYS (ID_PAYS,MONNAIE,LANGUE,INDICATIF_TEL,LIBELLE) VALUES (47,5,47,'357','Chypre');
INSERT INTO PAYS (ID_PAYS,MONNAIE,LANGUE,INDICATIF_TEL,LIBELLE) VALUES (48,16,2,'672','Cocos ( Îles )');
INSERT INTO MONNAIE (ID_MONNAIE,CODE,LIBELLE) VALUES (49,'COP','peso');
INSERT INTO PAYS (ID_PAYS,MONNAIE,LANGUE,INDICATIF_TEL,LIBELLE) VALUES (49,49,12,'57','Colombie');
INSERT INTO MONNAIE (ID_MONNAIE,CODE,LIBELLE) VALUES (50,'KMF','franc');
INSERT INTO PAYS (ID_PAYS,MONNAIE,LANGUE,INDICATIF_TEL,LIBELLE) VALUES (50,50,27,'269','Comores');
INSERT INTO MONNAIE (ID_MONNAIE,CODE,LIBELLE) VALUES (51,'CDF','franc');
INSERT INTO PAYS (ID_PAYS,MONNAIE,LANGUE,INDICATIF_TEL,LIBELLE) VALUES (51,51,27,'243','Congo ( République démocratique du )');
INSERT INTO PAYS (ID_PAYS,MONNAIE,LANGUE,INDICATIF_TEL,LIBELLE) VALUES (52,39,27,'242','Congo');
INSERT INTO MONNAIE (ID_MONNAIE,CODE,LIBELLE) VALUES (53,'NZD','dollar');
INSERT INTO PAYS (ID_PAYS,MONNAIE,LANGUE,INDICATIF_TEL,LIBELLE) VALUES (53,53,2,'682','Cook ( Îles )');
INSERT INTO LANGUE (ID_LANGUE,LIBELLE) VALUES (54,'Coréen');
INSERT INTO MONNAIE (ID_MONNAIE,CODE,LIBELLE) VALUES (54,'KPW','won');
INSERT INTO PAYS (ID_PAYS,MONNAIE,LANGUE,INDICATIF_TEL,LIBELLE) VALUES (54,54,54,'850','Corée du Nord');
INSERT INTO MONNAIE (ID_MONNAIE,CODE,LIBELLE) VALUES (55,'KRW','won');
INSERT INTO PAYS (ID_PAYS,MONNAIE,LANGUE,INDICATIF_TEL,LIBELLE) VALUES (55,55,54,'82','Corée du Sud');
INSERT INTO MONNAIE (ID_MONNAIE,CODE,LIBELLE) VALUES (56,'CRC','colon');
INSERT INTO PAYS (ID_PAYS,MONNAIE,LANGUE,INDICATIF_TEL,LIBELLE) VALUES (56,56,12,'506','Costa Rica');
INSERT INTO PAYS (ID_PAYS,MONNAIE,LANGUE,INDICATIF_TEL,LIBELLE) VALUES (57,27,27,'225','Côte d Ivoire');
INSERT INTO LANGUE (ID_LANGUE,LIBELLE) VALUES (58,'Croate');
INSERT INTO MONNAIE (ID_MONNAIE,CODE,LIBELLE) VALUES (58,'HRK','kuna');
INSERT INTO PAYS (ID_PAYS,MONNAIE,LANGUE,INDICATIF_TEL,LIBELLE) VALUES (58,58,58,'385','Croatie');
INSERT INTO MONNAIE (ID_MONNAIE,CODE,LIBELLE) VALUES (59,'CUP','peso');
INSERT INTO PAYS (ID_PAYS,MONNAIE,LANGUE,INDICATIF_TEL,LIBELLE) VALUES (59,59,12,'53','Cuba');
INSERT INTO LANGUE (ID_LANGUE,LIBELLE) VALUES (60,'Danois');
INSERT INTO MONNAIE (ID_MONNAIE,CODE,LIBELLE) VALUES (60,'DKK','couronne');
INSERT INTO PAYS (ID_PAYS,MONNAIE,LANGUE,INDICATIF_TEL,LIBELLE) VALUES (60,60,60,'45','Danemark');
INSERT INTO MONNAIE (ID_MONNAIE,CODE,LIBELLE) VALUES (61,'USD','dollar');
INSERT INTO PAYS (ID_PAYS,MONNAIE,LANGUE,INDICATIF_TEL,LIBELLE) VALUES (61,61,2,'246','Diego Garcia');
INSERT INTO MONNAIE (ID_MONNAIE,CODE,LIBELLE) VALUES (62,'DJF','franc');
INSERT INTO PAYS (ID_PAYS,MONNAIE,LANGUE,INDICATIF_TEL,LIBELLE) VALUES (62,62,27,'253','Djibouti');
INSERT INTO MONNAIE (ID_MONNAIE,CODE,LIBELLE) VALUES (63,'DOP','peso');
INSERT INTO PAYS (ID_PAYS,MONNAIE,LANGUE,INDICATIF_TEL,LIBELLE) VALUES (63,63,12,'1','République dominicaine');
INSERT INTO PAYS (ID_PAYS,MONNAIE,LANGUE,INDICATIF_TEL,LIBELLE) VALUES (64,8,2,'1','Dominique');
INSERT INTO MONNAIE (ID_MONNAIE,CODE,LIBELLE) VALUES (65,'EGP','livre');
INSERT INTO PAYS (ID_PAYS,MONNAIE,LANGUE,INDICATIF_TEL,LIBELLE) VALUES (65,65,4,'20','Égypte');
INSERT INTO MONNAIE (ID_MONNAIE,CODE,LIBELLE) VALUES (66,'AED','dirham');
INSERT INTO PAYS (ID_PAYS,MONNAIE,LANGUE,INDICATIF_TEL,LIBELLE) VALUES (66,66,4,'971','Émirats arabes unis');
INSERT INTO PAYS (ID_PAYS,MONNAIE,LANGUE,INDICATIF_TEL,LIBELLE) VALUES (67,61,12,'593','Équateur');
INSERT INTO MONNAIE (ID_MONNAIE,CODE,LIBELLE) VALUES (68,'ERN','nafka');
INSERT INTO PAYS (ID_PAYS,MONNAIE,LANGUE,INDICATIF_TEL,LIBELLE) VALUES (68,68,4,'291','Érythrée');
INSERT INTO PAYS (ID_PAYS,MONNAIE,LANGUE,INDICATIF_TEL,LIBELLE) VALUES (69,5,12,'34','Espagne');
INSERT INTO LANGUE (ID_LANGUE,LIBELLE) VALUES (70,'Estonien');
INSERT INTO MONNAIE (ID_MONNAIE,CODE,LIBELLE) VALUES (70,'EKK','couronne');
INSERT INTO PAYS (ID_PAYS,MONNAIE,LANGUE,INDICATIF_TEL,LIBELLE) VALUES (70,70,70,'372','Estonie');
INSERT INTO PAYS (ID_PAYS,MONNAIE,LANGUE,INDICATIF_TEL,LIBELLE) VALUES (71,61,2,'1','États-Unis');
INSERT INTO LANGUE (ID_LANGUE,LIBELLE) VALUES (72,'Amharique');
INSERT INTO MONNAIE (ID_MONNAIE,CODE,LIBELLE) VALUES (72,'ETB','birr');
INSERT INTO PAYS (ID_PAYS,MONNAIE,LANGUE,INDICATIF_TEL,LIBELLE) VALUES (72,72,72,'251','Éthiopie');
INSERT INTO PAYS (ID_PAYS,MONNAIE,LANGUE,INDICATIF_TEL,LIBELLE) VALUES (73,60,60,'298','Féroé ( Îles )');
INSERT INTO MONNAIE (ID_MONNAIE,CODE,LIBELLE) VALUES (74,'FJD','dollar');
INSERT INTO PAYS (ID_PAYS,MONNAIE,LANGUE,INDICATIF_TEL,LIBELLE) VALUES (74,74,2,'679','Fidji');
INSERT INTO LANGUE (ID_LANGUE,LIBELLE) VALUES (75,'Finnois');
INSERT INTO PAYS (ID_PAYS,MONNAIE,LANGUE,INDICATIF_TEL,LIBELLE) VALUES (75,5,75,'358','Finlande');
INSERT INTO PAYS (ID_PAYS,MONNAIE,LANGUE,INDICATIF_TEL,LIBELLE) VALUES (76,5,27,'33','France');
INSERT INTO PAYS (ID_PAYS,MONNAIE,LANGUE,INDICATIF_TEL,LIBELLE) VALUES (77,39,27,'241','Gabon');
INSERT INTO MONNAIE (ID_MONNAIE,CODE,LIBELLE) VALUES (78,'GMD','dalasi');
INSERT INTO PAYS (ID_PAYS,MONNAIE,LANGUE,INDICATIF_TEL,LIBELLE) VALUES (78,78,2,'220','Gambie');
INSERT INTO LANGUE (ID_LANGUE,LIBELLE) VALUES (79,'Géorgien');
INSERT INTO MONNAIE (ID_MONNAIE,CODE,LIBELLE) VALUES (79,'GEL','lari');
INSERT INTO PAYS (ID_PAYS,MONNAIE,LANGUE,INDICATIF_TEL,LIBELLE) VALUES (79,79,79,'995','Géorgie');
INSERT INTO MONNAIE (ID_MONNAIE,CODE,LIBELLE) VALUES (80,'GHS','cedi');
INSERT INTO PAYS (ID_PAYS,MONNAIE,LANGUE,INDICATIF_TEL,LIBELLE) VALUES (80,80,2,'233','Ghana');
INSERT INTO MONNAIE (ID_MONNAIE,CODE,LIBELLE) VALUES (81,'GIP','livre');
INSERT INTO PAYS (ID_PAYS,MONNAIE,LANGUE,INDICATIF_TEL,LIBELLE) VALUES (81,81,2,'350','Gibraltar');
INSERT INTO PAYS (ID_PAYS,MONNAIE,LANGUE,INDICATIF_TEL,LIBELLE) VALUES (82,5,47,'30','Grèce');
INSERT INTO PAYS (ID_PAYS,MONNAIE,LANGUE,INDICATIF_TEL,LIBELLE) VALUES (83,8,2,'1','Grenade');
INSERT INTO PAYS (ID_PAYS,MONNAIE,LANGUE,INDICATIF_TEL,LIBELLE) VALUES (84,60,60,'299','Groenland');
INSERT INTO PAYS (ID_PAYS,MONNAIE,LANGUE,INDICATIF_TEL,LIBELLE) VALUES (85,5,27,'590','Guadeloupe');
INSERT INTO PAYS (ID_PAYS,MONNAIE,LANGUE,INDICATIF_TEL,LIBELLE) VALUES (86,61,2,'1','Guam');
INSERT INTO MONNAIE (ID_MONNAIE,CODE,LIBELLE) VALUES (87,'GTQ','quetzal');
INSERT INTO PAYS (ID_PAYS,MONNAIE,LANGUE,INDICATIF_TEL,LIBELLE) VALUES (87,87,12,'502','Guatemala');
INSERT INTO MONNAIE (ID_MONNAIE,CODE,LIBELLE) VALUES (88,'GNF','franc');
INSERT INTO PAYS (ID_PAYS,MONNAIE,LANGUE,INDICATIF_TEL,LIBELLE) VALUES (88,88,27,'224','Guinée');
INSERT INTO PAYS (ID_PAYS,MONNAIE,LANGUE,INDICATIF_TEL,LIBELLE) VALUES (89,39,27,'240','Guinée équatoriale');
INSERT INTO PAYS (ID_PAYS,MONNAIE,LANGUE,INDICATIF_TEL,LIBELLE) VALUES (90,27,27,'245','Guinée-Bissau');
INSERT INTO MONNAIE (ID_MONNAIE,CODE,LIBELLE) VALUES (91,'GYD','dollar');
INSERT INTO PAYS (ID_PAYS,MONNAIE,LANGUE,INDICATIF_TEL,LIBELLE) VALUES (91,91,2,'592','Guyana');
INSERT INTO PAYS (ID_PAYS,MONNAIE,LANGUE,INDICATIF_TEL,LIBELLE) VALUES (92,5,27,'594','Guyane');
INSERT INTO MONNAIE (ID_MONNAIE,CODE,LIBELLE) VALUES (93,'HTG','gourde');
INSERT INTO PAYS (ID_PAYS,MONNAIE,LANGUE,INDICATIF_TEL,LIBELLE) VALUES (93,93,27,'509','Haïti');
INSERT INTO PAYS (ID_PAYS,MONNAIE,LANGUE,INDICATIF_TEL,LIBELLE) VALUES (94,16,2,'672','Heard ( Île )');
INSERT INTO MONNAIE (ID_MONNAIE,CODE,LIBELLE) VALUES (95,'HNL','lempira');
INSERT INTO PAYS (ID_PAYS,MONNAIE,LANGUE,INDICATIF_TEL,LIBELLE) VALUES (95,95,12,'504','Honduras');
INSERT INTO MONNAIE (ID_MONNAIE,CODE,LIBELLE) VALUES (96,'HKD','dollar');
INSERT INTO PAYS (ID_PAYS,MONNAIE,LANGUE,INDICATIF_TEL,LIBELLE) VALUES (96,96,45,'852','Hong Kong');
INSERT INTO LANGUE (ID_LANGUE,LIBELLE) VALUES (97,'Hongrois');
INSERT INTO MONNAIE (ID_MONNAIE,CODE,LIBELLE) VALUES (97,'HUF','forint');
INSERT INTO PAYS (ID_PAYS,MONNAIE,LANGUE,INDICATIF_TEL,LIBELLE) VALUES (97,97,97,'36','Hongrie');
INSERT INTO MONNAIE (ID_MONNAIE,CODE,LIBELLE) VALUES (98,'INR','roupie');
INSERT INTO PAYS (ID_PAYS,MONNAIE,LANGUE,INDICATIF_TEL,LIBELLE) VALUES (98,98,2,'91','Inde');
INSERT INTO LANGUE (ID_LANGUE,LIBELLE) VALUES (99,'Indonésien');
INSERT INTO MONNAIE (ID_MONNAIE,CODE,LIBELLE) VALUES (99,'IDR','rupiah');
INSERT INTO PAYS (ID_PAYS,MONNAIE,LANGUE,INDICATIF_TEL,LIBELLE) VALUES (99,99,99,'62','Indonésie');
INSERT INTO MONNAIE (ID_MONNAIE,CODE,LIBELLE) VALUES (100,'IQD','dinar');
INSERT INTO PAYS (ID_PAYS,MONNAIE,LANGUE,INDICATIF_TEL,LIBELLE) VALUES (100,100,4,'964','Irak');
INSERT INTO LANGUE (ID_LANGUE,LIBELLE) VALUES (101,'Persan');
INSERT INTO MONNAIE (ID_MONNAIE,CODE,LIBELLE) VALUES (101,'IRR','rial');
INSERT INTO PAYS (ID_PAYS,MONNAIE,LANGUE,INDICATIF_TEL,LIBELLE) VALUES (101,101,101,'98','Iran');
INSERT INTO LANGUE (ID_LANGUE,LIBELLE) VALUES (102,'Irlandais');
INSERT INTO PAYS (ID_PAYS,MONNAIE,LANGUE,INDICATIF_TEL,LIBELLE) VALUES (102,5,102,'353','Irlande');
INSERT INTO LANGUE (ID_LANGUE,LIBELLE) VALUES (103,'Islandais');
INSERT INTO MONNAIE (ID_MONNAIE,CODE,LIBELLE) VALUES (103,'ISK','krona');
INSERT INTO PAYS (ID_PAYS,MONNAIE,LANGUE,INDICATIF_TEL,LIBELLE) VALUES (103,103,103,'354','Islande');
INSERT INTO MONNAIE (ID_MONNAIE,CODE,LIBELLE) VALUES (104,'NIS','shekel');
INSERT INTO PAYS (ID_PAYS,MONNAIE,LANGUE,INDICATIF_TEL,LIBELLE) VALUES (104,104,4,'972','Israël');
INSERT INTO LANGUE (ID_LANGUE,LIBELLE) VALUES (105,'Italien');
INSERT INTO PAYS (ID_PAYS,MONNAIE,LANGUE,INDICATIF_TEL,LIBELLE) VALUES (105,5,105,'39','Italie');
INSERT INTO MONNAIE (ID_MONNAIE,CODE,LIBELLE) VALUES (106,'JMD','dollar');
INSERT INTO PAYS (ID_PAYS,MONNAIE,LANGUE,INDICATIF_TEL,LIBELLE) VALUES (106,106,2,'1','Jamaïque');
INSERT INTO LANGUE (ID_LANGUE,LIBELLE) VALUES (107,'Japonais');
INSERT INTO MONNAIE (ID_MONNAIE,CODE,LIBELLE) VALUES (107,'JPY','yen');
INSERT INTO PAYS (ID_PAYS,MONNAIE,LANGUE,INDICATIF_TEL,LIBELLE) VALUES (107,107,107,'81','Japon');
INSERT INTO MONNAIE (ID_MONNAIE,CODE,LIBELLE) VALUES (108,'JOD','dinar');
INSERT INTO PAYS (ID_PAYS,MONNAIE,LANGUE,INDICATIF_TEL,LIBELLE) VALUES (108,108,4,'962','Jordanie');
INSERT INTO MONNAIE (ID_MONNAIE,CODE,LIBELLE) VALUES (109,'KZT','tengue');
INSERT INTO PAYS (ID_PAYS,MONNAIE,LANGUE,INDICATIF_TEL,LIBELLE) VALUES (109,109,24,'7','Kazakhstan');
INSERT INTO MONNAIE (ID_MONNAIE,CODE,LIBELLE) VALUES (110,'KES','shiling');
INSERT INTO PAYS (ID_PAYS,MONNAIE,LANGUE,INDICATIF_TEL,LIBELLE) VALUES (110,110,2,'254','Kenya');
INSERT INTO MONNAIE (ID_MONNAIE,CODE,LIBELLE) VALUES (111,'KGS','som');
INSERT INTO PAYS (ID_PAYS,MONNAIE,LANGUE,INDICATIF_TEL,LIBELLE) VALUES (111,111,24,'996','Kirghizstan');
INSERT INTO PAYS (ID_PAYS,MONNAIE,LANGUE,INDICATIF_TEL,LIBELLE) VALUES (112,16,2,'686','Kiribati');
INSERT INTO MONNAIE (ID_MONNAIE,CODE,LIBELLE) VALUES (113,'KWD','dinar');
INSERT INTO PAYS (ID_PAYS,MONNAIE,LANGUE,INDICATIF_TEL,LIBELLE) VALUES (113,113,4,'965','Koweït');
INSERT INTO LANGUE (ID_LANGUE,LIBELLE) VALUES (114,'Lao');
INSERT INTO MONNAIE (ID_MONNAIE,CODE,LIBELLE) VALUES (114,'LAK','kip');
INSERT INTO PAYS (ID_PAYS,MONNAIE,LANGUE,INDICATIF_TEL,LIBELLE) VALUES (114,114,114,'856','Laos');
INSERT INTO MONNAIE (ID_MONNAIE,CODE,LIBELLE) VALUES (115,'LSL','loti');
INSERT INTO PAYS (ID_PAYS,MONNAIE,LANGUE,INDICATIF_TEL,LIBELLE) VALUES (115,115,2,'266','Lesotho');
INSERT INTO LANGUE (ID_LANGUE,LIBELLE) VALUES (116,'Letton');
INSERT INTO MONNAIE (ID_MONNAIE,CODE,LIBELLE) VALUES (116,'LVL','lats');
INSERT INTO PAYS (ID_PAYS,MONNAIE,LANGUE,INDICATIF_TEL,LIBELLE) VALUES (116,116,116,'371','Lettonie');
INSERT INTO MONNAIE (ID_MONNAIE,CODE,LIBELLE) VALUES (117,'LBP','livre');
INSERT INTO PAYS (ID_PAYS,MONNAIE,LANGUE,INDICATIF_TEL,LIBELLE) VALUES (117,117,4,'961','Liban');
INSERT INTO MONNAIE (ID_MONNAIE,CODE,LIBELLE) VALUES (118,'LRD','dollar');
INSERT INTO PAYS (ID_PAYS,MONNAIE,LANGUE,INDICATIF_TEL,LIBELLE) VALUES (118,118,2,'231','Libéria');
INSERT INTO MONNAIE (ID_MONNAIE,CODE,LIBELLE) VALUES (119,'LYD','dinar');
INSERT INTO PAYS (ID_PAYS,MONNAIE,LANGUE,INDICATIF_TEL,LIBELLE) VALUES (119,119,4,'218','Libye');
INSERT INTO MONNAIE (ID_MONNAIE,CODE,LIBELLE) VALUES (120,'CHF','franc');
INSERT INTO PAYS (ID_PAYS,MONNAIE,LANGUE,INDICATIF_TEL,LIBELLE) VALUES (120,120,5,'423','Liechtenstein');
INSERT INTO LANGUE (ID_LANGUE,LIBELLE) VALUES (121,'Lituanien');
INSERT INTO MONNAIE (ID_MONNAIE,CODE,LIBELLE) VALUES (121,'LTL','litas');
INSERT INTO PAYS (ID_PAYS,MONNAIE,LANGUE,INDICATIF_TEL,LIBELLE) VALUES (121,121,121,'370','Lituanie');
INSERT INTO PAYS (ID_PAYS,MONNAIE,LANGUE,INDICATIF_TEL,LIBELLE) VALUES (122,5,27,'352','Luxembourg');
INSERT INTO LANGUE (ID_LANGUE,LIBELLE) VALUES (123,'Chinois');
INSERT INTO MONNAIE (ID_MONNAIE,CODE,LIBELLE) VALUES (123,'MOP','pataca');
INSERT INTO PAYS (ID_PAYS,MONNAIE,LANGUE,INDICATIF_TEL,LIBELLE) VALUES (123,123,123,'853','Macao');
INSERT INTO LANGUE (ID_LANGUE,LIBELLE) VALUES (124,'Macédonien');
INSERT INTO MONNAIE (ID_MONNAIE,CODE,LIBELLE) VALUES (124,'MKD','denar');
INSERT INTO PAYS (ID_PAYS,MONNAIE,LANGUE,INDICATIF_TEL,LIBELLE) VALUES (124,124,124,'389','Macédoine');
INSERT INTO MONNAIE (ID_MONNAIE,CODE,LIBELLE) VALUES (125,'MGA','ariary');
INSERT INTO PAYS (ID_PAYS,MONNAIE,LANGUE,INDICATIF_TEL,LIBELLE) VALUES (125,125,27,'261','Madagascar');
INSERT INTO LANGUE (ID_LANGUE,LIBELLE) VALUES (126,'Malais');
INSERT INTO MONNAIE (ID_MONNAIE,CODE,LIBELLE) VALUES (126,'MYR','ringgit');
INSERT INTO PAYS (ID_PAYS,MONNAIE,LANGUE,INDICATIF_TEL,LIBELLE) VALUES (126,126,126,'60','Malaisie');
INSERT INTO MONNAIE (ID_MONNAIE,CODE,LIBELLE) VALUES (127,'MKW','kwacha');
INSERT INTO PAYS (ID_PAYS,MONNAIE,LANGUE,INDICATIF_TEL,LIBELLE) VALUES (127,127,2,'265','Malawi');
INSERT INTO LANGUE (ID_LANGUE,LIBELLE) VALUES (128,'Divehi');
INSERT INTO MONNAIE (ID_MONNAIE,CODE,LIBELLE) VALUES (128,'MVR','rufiyaa');
INSERT INTO PAYS (ID_PAYS,MONNAIE,LANGUE,INDICATIF_TEL,LIBELLE) VALUES (128,128,128,'960','Maldives');
INSERT INTO PAYS (ID_PAYS,MONNAIE,LANGUE,INDICATIF_TEL,LIBELLE) VALUES (129,27,27,'223','Mali');
INSERT INTO MONNAIE (ID_MONNAIE,CODE,LIBELLE) VALUES (130,'FKP','livre');
INSERT INTO PAYS (ID_PAYS,MONNAIE,LANGUE,INDICATIF_TEL,LIBELLE) VALUES (130,130,2,'500','Malouines (Îles)');
INSERT INTO PAYS (ID_PAYS,MONNAIE,LANGUE,INDICATIF_TEL,LIBELLE) VALUES (131,5,2,'356','Malte');
INSERT INTO PAYS (ID_PAYS,MONNAIE,LANGUE,INDICATIF_TEL,LIBELLE) VALUES (132,61,2,'1','Mariannes du Nord (Îles)');
INSERT INTO MONNAIE (ID_MONNAIE,CODE,LIBELLE) VALUES (133,'MAD','dirham');
INSERT INTO PAYS (ID_PAYS,MONNAIE,LANGUE,INDICATIF_TEL,LIBELLE) VALUES (133,133,4,'212','Maroc');
INSERT INTO PAYS (ID_PAYS,MONNAIE,LANGUE,INDICATIF_TEL,LIBELLE) VALUES (134,61,2,'692','Marshall (Îles)');
INSERT INTO PAYS (ID_PAYS,MONNAIE,LANGUE,INDICATIF_TEL,LIBELLE) VALUES (135,5,27,'596','Martinique');
INSERT INTO MONNAIE (ID_MONNAIE,CODE,LIBELLE) VALUES (136,'MUR','roupie');
INSERT INTO PAYS (ID_PAYS,MONNAIE,LANGUE,INDICATIF_TEL,LIBELLE) VALUES (136,136,2,'230','Maurice');
INSERT INTO MONNAIE (ID_MONNAIE,CODE,LIBELLE) VALUES (137,'MRO','ouguiya');
INSERT INTO PAYS (ID_PAYS,MONNAIE,LANGUE,INDICATIF_TEL,LIBELLE) VALUES (137,137,4,'222','Mauritanie');
INSERT INTO PAYS (ID_PAYS,MONNAIE,LANGUE,INDICATIF_TEL,LIBELLE) VALUES (138,5,27,'262','Mayotte');
INSERT INTO PAYS (ID_PAYS,MONNAIE,LANGUE,INDICATIF_TEL,LIBELLE) VALUES (139,16,2,'672','McDonald (Îles)');
INSERT INTO MONNAIE (ID_MONNAIE,CODE,LIBELLE) VALUES (140,'MXN','peso');
INSERT INTO PAYS (ID_PAYS,MONNAIE,LANGUE,INDICATIF_TEL,LIBELLE) VALUES (140,140,12,'52','Mexique');
INSERT INTO PAYS (ID_PAYS,MONNAIE,LANGUE,INDICATIF_TEL,LIBELLE) VALUES (141,61,2,'691','Micronésie');
INSERT INTO LANGUE (ID_LANGUE,LIBELLE) VALUES (142,'Moldave');
INSERT INTO MONNAIE (ID_MONNAIE,CODE,LIBELLE) VALUES (142,'MDL','leu');
INSERT INTO PAYS (ID_PAYS,MONNAIE,LANGUE,INDICATIF_TEL,LIBELLE) VALUES (142,142,142,'373','Moldavie');
INSERT INTO PAYS (ID_PAYS,MONNAIE,LANGUE,INDICATIF_TEL,LIBELLE) VALUES (143,5,27,'377','Monaco');
INSERT INTO LANGUE (ID_LANGUE,LIBELLE) VALUES (144,'Mongol');
INSERT INTO MONNAIE (ID_MONNAIE,CODE,LIBELLE) VALUES (144,'MNT','tugrik');
INSERT INTO PAYS (ID_PAYS,MONNAIE,LANGUE,INDICATIF_TEL,LIBELLE) VALUES (144,144,144,'976','Mongolie');
INSERT INTO LANGUE (ID_LANGUE,LIBELLE) VALUES (145,'Monténégrin');
INSERT INTO PAYS (ID_PAYS,MONNAIE,LANGUE,INDICATIF_TEL,LIBELLE) VALUES (145,5,145,'382','Monténégro');
INSERT INTO PAYS (ID_PAYS,MONNAIE,LANGUE,INDICATIF_TEL,LIBELLE) VALUES (146,8,2,'1','Montserrat');
INSERT INTO MONNAIE (ID_MONNAIE,CODE,LIBELLE) VALUES (147,'MZM','metical');
INSERT INTO PAYS (ID_PAYS,MONNAIE,LANGUE,INDICATIF_TEL,LIBELLE) VALUES (147,147,7,'258','Mozambique');
INSERT INTO LANGUE (ID_LANGUE,LIBELLE) VALUES (148,'Birman');
INSERT INTO MONNAIE (ID_MONNAIE,CODE,LIBELLE) VALUES (148,'MKK','kyat');
INSERT INTO PAYS (ID_PAYS,MONNAIE,LANGUE,INDICATIF_TEL,LIBELLE) VALUES (148,148,148,'95','Birmanie (Union du Myanmar)');
INSERT INTO MONNAIE (ID_MONNAIE,CODE,LIBELLE) VALUES (149,'NAD','dollar');
INSERT INTO PAYS (ID_PAYS,MONNAIE,LANGUE,INDICATIF_TEL,LIBELLE) VALUES (149,149,2,'264','Namibie');
INSERT INTO PAYS (ID_PAYS,MONNAIE,LANGUE,INDICATIF_TEL,LIBELLE) VALUES (150,16,2,'674','Nauru');
INSERT INTO LANGUE (ID_LANGUE,LIBELLE) VALUES (151,'Népalais');
INSERT INTO MONNAIE (ID_MONNAIE,CODE,LIBELLE) VALUES (151,'NPR','roupie');
INSERT INTO PAYS (ID_PAYS,MONNAIE,LANGUE,INDICATIF_TEL,LIBELLE) VALUES (151,151,151,'977','Népal');
INSERT INTO MONNAIE (ID_MONNAIE,CODE,LIBELLE) VALUES (152,'NIO','cordoba');
INSERT INTO PAYS (ID_PAYS,MONNAIE,LANGUE,INDICATIF_TEL,LIBELLE) VALUES (152,152,12,'505','Nicaragua');
INSERT INTO PAYS (ID_PAYS,MONNAIE,LANGUE,INDICATIF_TEL,LIBELLE) VALUES (153,27,27,'227','Niger');
INSERT INTO MONNAIE (ID_MONNAIE,CODE,LIBELLE) VALUES (154,'NGN','naira');
INSERT INTO PAYS (ID_PAYS,MONNAIE,LANGUE,INDICATIF_TEL,LIBELLE) VALUES (154,154,2,'234','Nigeria');
INSERT INTO PAYS (ID_PAYS,MONNAIE,LANGUE,INDICATIF_TEL,LIBELLE) VALUES (155,53,2,'683','Niué');
INSERT INTO LANGUE (ID_LANGUE,LIBELLE) VALUES (156,'Norvégien');
INSERT INTO MONNAIE (ID_MONNAIE,CODE,LIBELLE) VALUES (156,'NOK','couronne');
INSERT INTO PAYS (ID_PAYS,MONNAIE,LANGUE,INDICATIF_TEL,LIBELLE) VALUES (156,156,156,'47','Norvège');
INSERT INTO MONNAIE (ID_MONNAIE,CODE,LIBELLE) VALUES (157,'XPF','franc CFP');
INSERT INTO PAYS (ID_PAYS,MONNAIE,LANGUE,INDICATIF_TEL,LIBELLE) VALUES (157,157,27,'687','Nouvelle-Calédonie');
INSERT INTO PAYS (ID_PAYS,MONNAIE,LANGUE,INDICATIF_TEL,LIBELLE) VALUES (158,53,2,'64','Nouvelle-Zélande');
INSERT INTO MONNAIE (ID_MONNAIE,CODE,LIBELLE) VALUES (159,'OMR','rial');
INSERT INTO PAYS (ID_PAYS,MONNAIE,LANGUE,INDICATIF_TEL,LIBELLE) VALUES (159,159,4,'968','Oman');
INSERT INTO MONNAIE (ID_MONNAIE,CODE,LIBELLE) VALUES (160,'UGX','shiling');
INSERT INTO PAYS (ID_PAYS,MONNAIE,LANGUE,INDICATIF_TEL,LIBELLE) VALUES (160,160,2,'256','Ouganda');
INSERT INTO LANGUE (ID_LANGUE,LIBELLE) VALUES (161,'Ouzbek');
INSERT INTO MONNAIE (ID_MONNAIE,CODE,LIBELLE) VALUES (161,'UKS','sum');
INSERT INTO PAYS (ID_PAYS,MONNAIE,LANGUE,INDICATIF_TEL,LIBELLE) VALUES (161,161,161,'998','Ouzbékistan');
INSERT INTO MONNAIE (ID_MONNAIE,CODE,LIBELLE) VALUES (162,'PKR','roupie');
INSERT INTO PAYS (ID_PAYS,MONNAIE,LANGUE,INDICATIF_TEL,LIBELLE) VALUES (162,162,2,'92','Pakistan');
INSERT INTO PAYS (ID_PAYS,MONNAIE,LANGUE,INDICATIF_TEL,LIBELLE) VALUES (163,61,2,'680','Palaos');
INSERT INTO PAYS (ID_PAYS,MONNAIE,LANGUE,INDICATIF_TEL,LIBELLE) VALUES (164,61,12,'507','Panamá');
INSERT INTO MONNAIE (ID_MONNAIE,CODE,LIBELLE) VALUES (165,'PGK','kina');
INSERT INTO PAYS (ID_PAYS,MONNAIE,LANGUE,INDICATIF_TEL,LIBELLE) VALUES (165,165,2,'675','Papouasie-Nouvelle-Guinée');
INSERT INTO MONNAIE (ID_MONNAIE,CODE,LIBELLE) VALUES (166,'PYG','guarani');
INSERT INTO PAYS (ID_PAYS,MONNAIE,LANGUE,INDICATIF_TEL,LIBELLE) VALUES (166,166,12,'595','Paraguay');
INSERT INTO PAYS (ID_PAYS,MONNAIE,LANGUE,INDICATIF_TEL,LIBELLE) VALUES (167,5,10,'31','Pays-Bas');
INSERT INTO MONNAIE (ID_MONNAIE,CODE,LIBELLE) VALUES (168,'PEN','nuevo sol');
INSERT INTO PAYS (ID_PAYS,MONNAIE,LANGUE,INDICATIF_TEL,LIBELLE) VALUES (168,168,12,'51','Pérou');
INSERT INTO MONNAIE (ID_MONNAIE,CODE,LIBELLE) VALUES (169,'PHP','peso');
INSERT INTO PAYS (ID_PAYS,MONNAIE,LANGUE,INDICATIF_TEL,LIBELLE) VALUES (169,169,2,'63','Philippines');
INSERT INTO LANGUE (ID_LANGUE,LIBELLE) VALUES (170,'Polonais');
INSERT INTO MONNAIE (ID_MONNAIE,CODE,LIBELLE) VALUES (170,'PLN','zloty');
INSERT INTO PAYS (ID_PAYS,MONNAIE,LANGUE,INDICATIF_TEL,LIBELLE) VALUES (170,170,170,'48','Pologne');
INSERT INTO PAYS (ID_PAYS,MONNAIE,LANGUE,INDICATIF_TEL,LIBELLE) VALUES (171,157,27,'689','Polynésie française');
INSERT INTO PAYS (ID_PAYS,MONNAIE,LANGUE,INDICATIF_TEL,LIBELLE) VALUES (172,61,12,'1','Porto Rico');
INSERT INTO PAYS (ID_PAYS,MONNAIE,LANGUE,INDICATIF_TEL,LIBELLE) VALUES (173,5,7,'351','Portugal');
INSERT INTO MONNAIE (ID_MONNAIE,CODE,LIBELLE) VALUES (174,'QAR','rial');
INSERT INTO PAYS (ID_PAYS,MONNAIE,LANGUE,INDICATIF_TEL,LIBELLE) VALUES (174,174,4,'974','Qatar');
INSERT INTO PAYS (ID_PAYS,MONNAIE,LANGUE,INDICATIF_TEL,LIBELLE) VALUES (175,5,27,'262','Réunion (La)');
INSERT INTO LANGUE (ID_LANGUE,LIBELLE) VALUES (176,'Roumain');
INSERT INTO MONNAIE (ID_MONNAIE,CODE,LIBELLE) VALUES (176,'Ron','leu');
INSERT INTO PAYS (ID_PAYS,MONNAIE,LANGUE,INDICATIF_TEL,LIBELLE) VALUES (176,176,176,'40','Roumanie');
INSERT INTO MONNAIE (ID_MONNAIE,CODE,LIBELLE) VALUES (177,'GBP','pound');
INSERT INTO PAYS (ID_PAYS,MONNAIE,LANGUE,INDICATIF_TEL,LIBELLE) VALUES (177,177,2,'44','Royaume-Uni');
INSERT INTO MONNAIE (ID_MONNAIE,CODE,LIBELLE) VALUES (178,'RUB','rouble');
INSERT INTO PAYS (ID_PAYS,MONNAIE,LANGUE,INDICATIF_TEL,LIBELLE) VALUES (178,178,24,'7','Russie');
INSERT INTO MONNAIE (ID_MONNAIE,CODE,LIBELLE) VALUES (179,'RWF','franc');
INSERT INTO PAYS (ID_PAYS,MONNAIE,LANGUE,INDICATIF_TEL,LIBELLE) VALUES (179,179,27,'250','Rwanda');
INSERT INTO PAYS (ID_PAYS,MONNAIE,LANGUE,INDICATIF_TEL,LIBELLE) VALUES (180,8,2,'1','Saint-Christophe-et-Niévès');
INSERT INTO PAYS (ID_PAYS,MONNAIE,LANGUE,INDICATIF_TEL,LIBELLE) VALUES (181,15,2,'290','Sainte-Hélène (Île)');
INSERT INTO PAYS (ID_PAYS,MONNAIE,LANGUE,INDICATIF_TEL,LIBELLE) VALUES (182,8,2,'1','Sainte-Lucie');
INSERT INTO PAYS (ID_PAYS,MONNAIE,LANGUE,INDICATIF_TEL,LIBELLE) VALUES (183,5,105,'378','Saint-Marin');
INSERT INTO PAYS (ID_PAYS,MONNAIE,LANGUE,INDICATIF_TEL,LIBELLE) VALUES (184,5,27,'508','Saint-Pierre-et-Miquelon');
INSERT INTO PAYS (ID_PAYS,MONNAIE,LANGUE,INDICATIF_TEL,LIBELLE) VALUES (185,8,2,'1','Saint-Vincent-et-les-Grenadines');
INSERT INTO MONNAIE (ID_MONNAIE,CODE,LIBELLE) VALUES (186,'SBD','dollar');
INSERT INTO PAYS (ID_PAYS,MONNAIE,LANGUE,INDICATIF_TEL,LIBELLE) VALUES (186,186,2,'677','Salomon (Îles)');
INSERT INTO PAYS (ID_PAYS,MONNAIE,LANGUE,INDICATIF_TEL,LIBELLE) VALUES (187,61,12,'503','Salvador');
INSERT INTO MONNAIE (ID_MONNAIE,CODE,LIBELLE) VALUES (188,'WST','tala');
INSERT INTO PAYS (ID_PAYS,MONNAIE,LANGUE,INDICATIF_TEL,LIBELLE) VALUES (188,188,2,'685','Samoa');
INSERT INTO PAYS (ID_PAYS,MONNAIE,LANGUE,INDICATIF_TEL,LIBELLE) VALUES (189,61,2,'1','Samoa américaines');
INSERT INTO MONNAIE (ID_MONNAIE,CODE,LIBELLE) VALUES (190,'STD','dobra');
INSERT INTO PAYS (ID_PAYS,MONNAIE,LANGUE,INDICATIF_TEL,LIBELLE) VALUES (190,190,7,'239','Sao Tomé-et-Principe');
INSERT INTO PAYS (ID_PAYS,MONNAIE,LANGUE,INDICATIF_TEL,LIBELLE) VALUES (191,39,27,'221','Sénégal');
INSERT INTO LANGUE (ID_LANGUE,LIBELLE) VALUES (192,'Serbe');
INSERT INTO MONNAIE (ID_MONNAIE,CODE,LIBELLE) VALUES (192,'RSD','dinar');
INSERT INTO PAYS (ID_PAYS,MONNAIE,LANGUE,INDICATIF_TEL,LIBELLE) VALUES (192,192,192,'381','Serbie');
INSERT INTO MONNAIE (ID_MONNAIE,CODE,LIBELLE) VALUES (193,'SCR','roupie');
INSERT INTO PAYS (ID_PAYS,MONNAIE,LANGUE,INDICATIF_TEL,LIBELLE) VALUES (193,193,27,'248','Seychelles');
INSERT INTO MONNAIE (ID_MONNAIE,CODE,LIBELLE) VALUES (194,'SLL','leone');
INSERT INTO PAYS (ID_PAYS,MONNAIE,LANGUE,INDICATIF_TEL,LIBELLE) VALUES (194,194,2,'232','Sierra Leone ');
INSERT INTO MONNAIE (ID_MONNAIE,CODE,LIBELLE) VALUES (195,'SGD','dollar');
INSERT INTO PAYS (ID_PAYS,MONNAIE,LANGUE,INDICATIF_TEL,LIBELLE) VALUES (195,195,2,'65','Singapour');
INSERT INTO LANGUE (ID_LANGUE,LIBELLE) VALUES (196,'Slovak');
INSERT INTO PAYS (ID_PAYS,MONNAIE,LANGUE,INDICATIF_TEL,LIBELLE) VALUES (196,5,196,'421','Slovaquie');
INSERT INTO LANGUE (ID_LANGUE,LIBELLE) VALUES (197,'Slovène');
INSERT INTO PAYS (ID_PAYS,MONNAIE,LANGUE,INDICATIF_TEL,LIBELLE) VALUES (197,5,197,'386','Slovénie');
INSERT INTO MONNAIE (ID_MONNAIE,CODE,LIBELLE) VALUES (198,'SOS','shiling');
INSERT INTO PAYS (ID_PAYS,MONNAIE,LANGUE,INDICATIF_TEL,LIBELLE) VALUES (198,198,4,'252','Somalie');
INSERT INTO MONNAIE (ID_MONNAIE,CODE,LIBELLE) VALUES (199,'SDD','dinar');
INSERT INTO PAYS (ID_PAYS,MONNAIE,LANGUE,INDICATIF_TEL,LIBELLE) VALUES (199,199,2,'249','Soudan');
INSERT INTO LANGUE (ID_LANGUE,LIBELLE) VALUES (200,'Cingalais');
INSERT INTO MONNAIE (ID_MONNAIE,CODE,LIBELLE) VALUES (200,'LKR','roupie');
INSERT INTO PAYS (ID_PAYS,MONNAIE,LANGUE,INDICATIF_TEL,LIBELLE) VALUES (200,200,200,'94','Sri Lanka');
INSERT INTO LANGUE (ID_LANGUE,LIBELLE) VALUES (201,'Suèdois');
INSERT INTO MONNAIE (ID_MONNAIE,CODE,LIBELLE) VALUES (201,'SEK','couronne');
INSERT INTO PAYS (ID_PAYS,MONNAIE,LANGUE,INDICATIF_TEL,LIBELLE) VALUES (201,201,201,'46','Suède');
INSERT INTO PAYS (ID_PAYS,MONNAIE,LANGUE,INDICATIF_TEL,LIBELLE) VALUES (202,120,27,'41','Suisse');
INSERT INTO MONNAIE (ID_MONNAIE,CODE,LIBELLE) VALUES (203,'SRD','dollar');
INSERT INTO PAYS (ID_PAYS,MONNAIE,LANGUE,INDICATIF_TEL,LIBELLE) VALUES (203,203,10,'597','Suriname');
INSERT INTO MONNAIE (ID_MONNAIE,CODE,LIBELLE) VALUES (204,'SZL','lilangeni');
INSERT INTO PAYS (ID_PAYS,MONNAIE,LANGUE,INDICATIF_TEL,LIBELLE) VALUES (204,204,2,'268','Swaziland');
INSERT INTO MONNAIE (ID_MONNAIE,CODE,LIBELLE) VALUES (205,'SYP','livre');
INSERT INTO PAYS (ID_PAYS,MONNAIE,LANGUE,INDICATIF_TEL,LIBELLE) VALUES (205,205,4,'963','Syrie');
INSERT INTO LANGUE (ID_LANGUE,LIBELLE) VALUES (206,'Tadjik');
INSERT INTO MONNAIE (ID_MONNAIE,CODE,LIBELLE) VALUES (206,'TJS','somoni');
INSERT INTO PAYS (ID_PAYS,MONNAIE,LANGUE,INDICATIF_TEL,LIBELLE) VALUES (206,206,206,'992','Tadjikistan');
INSERT INTO MONNAIE (ID_MONNAIE,CODE,LIBELLE) VALUES (207,'TZS','shiling');
INSERT INTO PAYS (ID_PAYS,MONNAIE,LANGUE,INDICATIF_TEL,LIBELLE) VALUES (207,207,2,'255','Tanzanie');
INSERT INTO MONNAIE (ID_MONNAIE,CODE,LIBELLE) VALUES (208,'TWD','dollar');
INSERT INTO PAYS (ID_PAYS,MONNAIE,LANGUE,INDICATIF_TEL,LIBELLE) VALUES (208,208,123,'886','Taïwan');
INSERT INTO PAYS (ID_PAYS,MONNAIE,LANGUE,INDICATIF_TEL,LIBELLE) VALUES (209,39,27,'235','Tchad');
INSERT INTO LANGUE (ID_LANGUE,LIBELLE) VALUES (210,'Tchèque');
INSERT INTO MONNAIE (ID_MONNAIE,CODE,LIBELLE) VALUES (210,'CZK','couronne');
INSERT INTO PAYS (ID_PAYS,MONNAIE,LANGUE,INDICATIF_TEL,LIBELLE) VALUES (210,210,210,'420','République tchèque');
INSERT INTO LANGUE (ID_LANGUE,LIBELLE) VALUES (211,'Thaï');
INSERT INTO MONNAIE (ID_MONNAIE,CODE,LIBELLE) VALUES (211,'THB','baht');
INSERT INTO PAYS (ID_PAYS,MONNAIE,LANGUE,INDICATIF_TEL,LIBELLE) VALUES (211,211,211,'66','Thaïlande');
INSERT INTO PAYS (ID_PAYS,MONNAIE,LANGUE,INDICATIF_TEL,LIBELLE) VALUES (212,61,7,'670','Timor oriental');
INSERT INTO PAYS (ID_PAYS,MONNAIE,LANGUE,INDICATIF_TEL,LIBELLE) VALUES (213,27,27,'228','Togo');
INSERT INTO PAYS (ID_PAYS,MONNAIE,LANGUE,INDICATIF_TEL,LIBELLE) VALUES (214,53,2,'690','Tokelau');
INSERT INTO MONNAIE (ID_MONNAIE,CODE,LIBELLE) VALUES (215,'TOP','pa’anga');
INSERT INTO PAYS (ID_PAYS,MONNAIE,LANGUE,INDICATIF_TEL,LIBELLE) VALUES (215,215,2,'676','Tonga');
INSERT INTO MONNAIE (ID_MONNAIE,CODE,LIBELLE) VALUES (216,'TTD','dollar');
INSERT INTO PAYS (ID_PAYS,MONNAIE,LANGUE,INDICATIF_TEL,LIBELLE) VALUES (216,216,2,'1','Trinité-et-Tobago');
INSERT INTO MONNAIE (ID_MONNAIE,CODE,LIBELLE) VALUES (217,'TND','dinar');
INSERT INTO PAYS (ID_PAYS,MONNAIE,LANGUE,INDICATIF_TEL,LIBELLE) VALUES (217,217,4,'216','Tunisie');
INSERT INTO LANGUE (ID_LANGUE,LIBELLE) VALUES (218,'Turkmène');
INSERT INTO MONNAIE (ID_MONNAIE,CODE,LIBELLE) VALUES (218,'TMM','manat');
INSERT INTO PAYS (ID_PAYS,MONNAIE,LANGUE,INDICATIF_TEL,LIBELLE) VALUES (218,218,218,'993','Turkménistan');
INSERT INTO PAYS (ID_PAYS,MONNAIE,LANGUE,INDICATIF_TEL,LIBELLE) VALUES (219,61,2,'1','Turques-et-Caïques (Îles)');
INSERT INTO LANGUE (ID_LANGUE,LIBELLE) VALUES (220,'Turc');
INSERT INTO MONNAIE (ID_MONNAIE,CODE,LIBELLE) VALUES (220,'TRY','livre');
INSERT INTO PAYS (ID_PAYS,MONNAIE,LANGUE,INDICATIF_TEL,LIBELLE) VALUES (220,220,220,'90','Turquie');
INSERT INTO PAYS (ID_PAYS,MONNAIE,LANGUE,INDICATIF_TEL,LIBELLE) VALUES (221,16,2,'688','Tuvalu');
INSERT INTO LANGUE (ID_LANGUE,LIBELLE) VALUES (222,'Ukrainien');
INSERT INTO MONNAIE (ID_MONNAIE,CODE,LIBELLE) VALUES (222,'UAH','hryvnia');
INSERT INTO PAYS (ID_PAYS,MONNAIE,LANGUE,INDICATIF_TEL,LIBELLE) VALUES (222,222,222,'380','Ukraine');
INSERT INTO MONNAIE (ID_MONNAIE,CODE,LIBELLE) VALUES (223,'UYU','peso');
INSERT INTO PAYS (ID_PAYS,MONNAIE,LANGUE,INDICATIF_TEL,LIBELLE) VALUES (223,223,12,'598','Uruguay');
INSERT INTO MONNAIE (ID_MONNAIE,CODE,LIBELLE) VALUES (224,'VUV','vatu');
INSERT INTO PAYS (ID_PAYS,MONNAIE,LANGUE,INDICATIF_TEL,LIBELLE) VALUES (224,224,27,'678','Vanuatu');
INSERT INTO PAYS (ID_PAYS,MONNAIE,LANGUE,INDICATIF_TEL,LIBELLE) VALUES (225,5,105,'379','Vatican');
INSERT INTO MONNAIE (ID_MONNAIE,CODE,LIBELLE) VALUES (226,'VEB','bolivar');
INSERT INTO PAYS (ID_PAYS,MONNAIE,LANGUE,INDICATIF_TEL,LIBELLE) VALUES (226,226,12,'58','Venezuela');
INSERT INTO PAYS (ID_PAYS,MONNAIE,LANGUE,INDICATIF_TEL,LIBELLE) VALUES (227,61,2,'1','Vierges américaines (Îles)');
INSERT INTO PAYS (ID_PAYS,MONNAIE,LANGUE,INDICATIF_TEL,LIBELLE) VALUES (228,61,2,'1','Vierges britanniques (Îles)');
INSERT INTO LANGUE (ID_LANGUE,LIBELLE) VALUES (229,'Vietnamien');
INSERT INTO MONNAIE (ID_MONNAIE,CODE,LIBELLE) VALUES (229,'VND','dong');
INSERT INTO PAYS (ID_PAYS,MONNAIE,LANGUE,INDICATIF_TEL,LIBELLE) VALUES (229,229,229,'84','Viêt Nam ');
INSERT INTO PAYS (ID_PAYS,MONNAIE,LANGUE,INDICATIF_TEL,LIBELLE) VALUES (230,157,27,'681','Wallis-et-Futuna');
INSERT INTO MONNAIE (ID_MONNAIE,CODE,LIBELLE) VALUES (231,'YER','riyal');
INSERT INTO PAYS (ID_PAYS,MONNAIE,LANGUE,INDICATIF_TEL,LIBELLE) VALUES (231,231,4,'967','Yémen');
INSERT INTO MONNAIE (ID_MONNAIE,CODE,LIBELLE) VALUES (232,'ZMK','kwacha');
INSERT INTO PAYS (ID_PAYS,MONNAIE,LANGUE,INDICATIF_TEL,LIBELLE) VALUES (232,232,2,'260','Zambie');
INSERT INTO MONNAIE (ID_MONNAIE,CODE,LIBELLE) VALUES (233,'ZWD','dollar');
INSERT INTO PAYS (ID_PAYS,MONNAIE,LANGUE,INDICATIF_TEL,LIBELLE) VALUES (233,233,2,'263','Zimbabwe');

INSERT INTO TYPE_EQUIPEMENT (ID_TYPE_EQUIPEMENT,LIBELLE) VALUES (1,'Navigation');
INSERT INTO EQUIPEMENT (ID_EQUIPEMENT,LIBELLE,TYPE_EQUIPEMENT) VALUES (1,'GPS',1);
INSERT INTO EQUIPEMENT (ID_EQUIPEMENT,LIBELLE,TYPE_EQUIPEMENT) VALUES (2,'Radar',1);
INSERT INTO EQUIPEMENT (ID_EQUIPEMENT,LIBELLE,TYPE_EQUIPEMENT) VALUES (3,'Sondeur',1);
INSERT INTO EQUIPEMENT (ID_EQUIPEMENT,LIBELLE,TYPE_EQUIPEMENT) VALUES (4,'Pilote auto',1);
INSERT INTO EQUIPEMENT (ID_EQUIPEMENT,LIBELLE,TYPE_EQUIPEMENT) VALUES (5,'Compas',1);
INSERT INTO EQUIPEMENT (ID_EQUIPEMENT,LIBELLE,TYPE_EQUIPEMENT) VALUES (6,'Jumelles',1);
INSERT INTO EQUIPEMENT (ID_EQUIPEMENT,LIBELLE,TYPE_EQUIPEMENT) VALUES (7,'Sextant',1);
INSERT INTO TYPE_EQUIPEMENT (ID_TYPE_EQUIPEMENT,LIBELLE) VALUES (8,'Communication');
INSERT INTO EQUIPEMENT (ID_EQUIPEMENT,LIBELLE,TYPE_EQUIPEMENT) VALUES (8,'Radio VHF',8);
INSERT INTO EQUIPEMENT (ID_EQUIPEMENT,LIBELLE,TYPE_EQUIPEMENT) VALUES (9,'Radio BLU',8);
INSERT INTO EQUIPEMENT (ID_EQUIPEMENT,LIBELLE,TYPE_EQUIPEMENT) VALUES (10,'AIS',8);
INSERT INTO EQUIPEMENT (ID_EQUIPEMENT,LIBELLE,TYPE_EQUIPEMENT) VALUES (11,'Téléphone satellite',8);
INSERT INTO TYPE_EQUIPEMENT (ID_TYPE_EQUIPEMENT,LIBELLE) VALUES (12,'Alimentation élect');
INSERT INTO EQUIPEMENT (ID_EQUIPEMENT,LIBELLE,TYPE_EQUIPEMENT) VALUES (12,'Panneau solaire',12);
INSERT INTO EQUIPEMENT (ID_EQUIPEMENT,LIBELLE,TYPE_EQUIPEMENT) VALUES (13,'Eolienne',12);
INSERT INTO EQUIPEMENT (ID_EQUIPEMENT,LIBELLE,TYPE_EQUIPEMENT) VALUES (14,'Hydrogénérateur',12);
INSERT INTO EQUIPEMENT (ID_EQUIPEMENT,LIBELLE,TYPE_EQUIPEMENT) VALUES (15,'Groupe électrogène',12);
INSERT INTO EQUIPEMENT (ID_EQUIPEMENT,LIBELLE,TYPE_EQUIPEMENT) VALUES (16,'Batterie',12);
INSERT INTO TYPE_EQUIPEMENT (ID_TYPE_EQUIPEMENT,LIBELLE) VALUES (17,'Vie à bord');
INSERT INTO EQUIPEMENT (ID_EQUIPEMENT,LIBELLE,TYPE_EQUIPEMENT) VALUES (17,'Dessalinisateur',17);
INSERT INTO EQUIPEMENT (ID_EQUIPEMENT,LIBELLE,TYPE_EQUIPEMENT) VALUES (18,'Plaque de cuisson',17);
INSERT INTO EQUIPEMENT (ID_EQUIPEMENT,LIBELLE,TYPE_EQUIPEMENT) VALUES (19,'Four',17);
INSERT INTO EQUIPEMENT (ID_EQUIPEMENT,LIBELLE,TYPE_EQUIPEMENT) VALUES (20,'Réfrigérateur',17);
INSERT INTO EQUIPEMENT (ID_EQUIPEMENT,LIBELLE,TYPE_EQUIPEMENT) VALUES (21,'Congélateur',17);
INSERT INTO EQUIPEMENT (ID_EQUIPEMENT,LIBELLE,TYPE_EQUIPEMENT) VALUES (22,'Lava linge',17);
INSERT INTO TYPE_EQUIPEMENT (ID_TYPE_EQUIPEMENT,LIBELLE) VALUES (23,'Sécurité');
INSERT INTO EQUIPEMENT (ID_EQUIPEMENT,LIBELLE,TYPE_EQUIPEMENT) VALUES (23,'Trousse de secours',23);
INSERT INTO EQUIPEMENT (ID_EQUIPEMENT,LIBELLE,TYPE_EQUIPEMENT) VALUES (24,'Equipements oblig',23);

INSERT INTO TYPE_COMPETENCE (ID_TYPE_COMPETENCE,LIBELLE) VALUES (1,'Voile');
INSERT INTO COMPETENCE (ID_COMPETENCE,LIBELLE,TYPE_COMPETENCE) VALUES (1,'Matelotage',1);
INSERT INTO COMPETENCE (ID_COMPETENCE,LIBELLE,TYPE_COMPETENCE) VALUES (2,'Manœuvre en mer',1);
INSERT INTO COMPETENCE (ID_COMPETENCE,LIBELLE,TYPE_COMPETENCE) VALUES (3,'Manœuvre au port',1);
INSERT INTO COMPETENCE (ID_COMPETENCE,LIBELLE,TYPE_COMPETENCE) VALUES (4,'Réglage des voiles',1);
INSERT INTO COMPETENCE (ID_COMPETENCE,LIBELLE,TYPE_COMPETENCE) VALUES (5,'Navigation',1);
INSERT INTO TYPE_COMPETENCE (ID_TYPE_COMPETENCE,LIBELLE) VALUES (6,'Fée du logis');
INSERT INTO COMPETENCE (ID_COMPETENCE,LIBELLE,TYPE_COMPETENCE) VALUES (6,'Cuisine',6);
INSERT INTO COMPETENCE (ID_COMPETENCE,LIBELLE,TYPE_COMPETENCE) VALUES (7,'Ménage et nettoyage',6);
INSERT INTO TYPE_COMPETENCE (ID_TYPE_COMPETENCE,LIBELLE) VALUES (8,'Réparat° et entret');
INSERT INTO COMPETENCE (ID_COMPETENCE,LIBELLE,TYPE_COMPETENCE) VALUES (8,'Réparation',8);
INSERT INTO COMPETENCE (ID_COMPETENCE,LIBELLE,TYPE_COMPETENCE) VALUES (9,'Entretien gén bateau',8);
INSERT INTO COMPETENCE (ID_COMPETENCE,LIBELLE,TYPE_COMPETENCE) VALUES (10,'Informatique',8);
INSERT INTO TYPE_COMPETENCE (ID_TYPE_COMPETENCE,LIBELLE) VALUES (11,'Santé');
INSERT INTO COMPETENCE (ID_COMPETENCE,LIBELLE,TYPE_COMPETENCE) VALUES (11,'Premiers soins',11);
INSERT INTO COMPETENCE (ID_COMPETENCE,LIBELLE,TYPE_COMPETENCE) VALUES (12,'Médecine',11);
INSERT INTO TYPE_COMPETENCE (ID_TYPE_COMPETENCE,LIBELLE) VALUES (13,'Autre');
INSERT INTO COMPETENCE (ID_COMPETENCE,LIBELLE,TYPE_COMPETENCE) VALUES (13,'Pêche',13);

INSERT INTO ROLE (ID_ROLE,NOM) VALUES (0,'skipper');
INSERT INTO ROLE (ID_ROLE,NOM) VALUES (1,'equipier');
INSERT INTO ROLE (ID_ROLE,NOM) VALUES (2,'admin');

INSERT INTO PROPRIETE (CLE,VALEUR) VALUES ('tmp_photo_local_path','/home/bs/photos/tmp/');
INSERT INTO PROPRIETE (CLE,VALEUR) VALUES ('tmp_photo_url','http://img.bateaustop.fr/photos/tmp/');
INSERT INTO PROPRIETE (CLE,VALEUR) VALUES ('utilisateur_photo_local_path','/home/bs/photos/utilisateurs/');
INSERT INTO PROPRIETE (CLE,VALEUR) VALUES ('utilisateur_photo_url','http://img.bateaustop.fr/photos/utilisateurs/');
INSERT INTO PROPRIETE (CLE,VALEUR) VALUES ('res_url','http://res.bateaustop.fr/res/');
INSERT INTO PROPRIETE (CLE,VALEUR) VALUES ('res_url_path','/home/bs/res');
INSERT INTO PROPRIETE (CLE,VALEUR) VALUES ('base_path_en','http://www.bateaustop.fr/');
INSERT INTO PROPRIETE (CLE,VALEUR) VALUES ('base_path_fr','http://www.bateaustop.fr/');
INSERT INTO PROPRIETE (CLE,VALEUR) VALUES ('gmap_key_fr','ABQIAAAAyUcKyHjU5vnO4cK-Ds83eRTV5v1sxsotOcJ4NwDWYWoJsGTb1RROu4rHSWdHSXFFyHPOmpxNIKWeCg');
INSERT INTO PROPRIETE (CLE,VALEUR) VALUES ('gmap_key_en','ABQIAAAAyUcKyHjU5vnO4cK-Ds83eRSttnfzdE-YVdFGawxPiQ22ZKdNzBSIzvPtc0ShlEq7eniZnVeWwYhVaA');
INSERT INTO PROPRIETE (CLE,VALEUR) VALUES ('url_rss_offre_fr','rssBSOffre.xml');
INSERT INTO PROPRIETE (CLE,VALEUR) VALUES ('url_rss_demande_fr','rssBSDemande.xml');
INSERT INTO PROPRIETE (CLE,VALEUR) VALUES ('url_rss_utilisateur_fr','rssBSUtilisateur.xml');
INSERT INTO PROPRIETE (CLE,VALEUR) VALUES ('url_rss_tout_fr','rssBS.xml');
INSERT INTO PROPRIETE (CLE,VALEUR) VALUES ('url_rss_offre_en','rssBHOffer.xml');
INSERT INTO PROPRIETE (CLE,VALEUR) VALUES ('url_rss_demande_en','rssBHRequest.xml');
INSERT INTO PROPRIETE (CLE,VALEUR) VALUES ('url_rss_utilisateur_en','rssBHUser.xml');
INSERT INTO PROPRIETE (CLE,VALEUR) VALUES ('url_rss_tout_en','rssBH.xml');
INSERT INTO PROPRIETE (CLE,VALEUR) VALUES ('url_ext_rss_offre_fr','http://feeds.bateaustop.fr/Bateaustop-BourseAuxEquipiers-Offres');
INSERT INTO PROPRIETE (CLE,VALEUR) VALUES ('url_ext_rss_demande_fr','http://feeds.bateaustop.fr/Bateaustop-BourseAuxEquipiers-Demandes');
INSERT INTO PROPRIETE (CLE,VALEUR) VALUES ('url_ext_rss_utilisateur_fr','http://feeds.bateaustop.fr/Bateaustop-BourseAuxEquipiers-Utilisateurs');
INSERT INTO PROPRIETE (CLE,VALEUR) VALUES ('url_ext_rss_tout_fr','http://feeds.bateaustop.fr/Bateaustop-BourseAuxEquipiers');
INSERT INTO PROPRIETE (CLE,VALEUR) VALUES ('url_ext_rss_offre_en','http://feeds.bateaustop.fr/Boathitchhiking-CrewExchange-Offers');
INSERT INTO PROPRIETE (CLE,VALEUR) VALUES ('url_ext_rss_demande_en','http://feeds.bateaustop.fr/Boathitchhiking-CrewExchange-Requests');
INSERT INTO PROPRIETE (CLE,VALEUR) VALUES ('url_ext_rss_utilisateur_en','http://feeds.bateaustop.fr/Boathitchhiking-CrewExchange-Users');
INSERT INTO PROPRIETE (CLE,VALEUR) VALUES ('url_ext_rss_tout_en','http://feeds.bateaustop.fr/Boathitchhiking-CrewExchange');

INSERT INTO LIEU (ID_LIEU,PAYS,VILLE) VALUES (1,1,'DummyPlace');
INSERT INTO UTILISATEUR (PSEUDONYME,MAIL,MOT_DE_PASSE,ACTIF,DATE_INSCRIPTION,MOYENNE_NOTES,XP_GENERALE,LANGUE_PREF,SEXE,NOM,PRENOM,LIEU,SITE,TEL,MAIL_AUTH) VALUES ('DummyUser','dummy.user@boathitchhicking.com','Doooooooooo==','',current_date,2,'PROFESSIONNEL','fr','HOMME','Dummy','User',1,'http://','00',false);
INSERT INTO EQUIP_GENERAL (id_equip_general) values (1);
INSERT INTO BATEAU (annee, marque, nom, taille, utilisateur, ID_BATEAU, EQUIP_GENERAL,DATE_MAJ) values (2000, 'Dummy', '', 1, 'DummyUser',1,1,current_date);
